product_id,product_name,brand_name,URL,image_url,regular_price,sale_price,total_review,전체 평점,main_skin_type,main_skin_trouble,main_skin_sensitivity
A000000225943,[파격특가] 아이디얼포맨 프레시 올인원 150ml 1+1 기획,아이디얼포맨,https://www.oliveyoung.co.kr/store/goods/getGoodsDetail.do?goodsNo=A000000225943&dispCatNo=100000100010016&t_page=카테고리관&t_click=로션_전체__상품상세&t_number=1,https://image.oliveyoung.co.kr/cfimages/cf-goods/uploads/images/thumbnails/400/10/0000/0022/A00000022594313ko.jpg?l=ko,26000.0,8900,1349,,복합성에 좋아요,보습에 좋아요,자극없이 순해요
A000000206352,[화잘먹로션] [속광케어] 온그리디언츠 스킨 베리어 카밍 로션 기획(220ml+80ml),온그리디언츠,https://www.oliveyoung.co.kr/store/goods/getGoodsDetail.do?goodsNo=A000000206352&dispCatNo=100000100010016&t_page=카테고리관&t_click=로션_전체__상품상세&t_number=2,https://image.oliveyoung.co.kr/cfimages/cf-goods/uploads/images/thumbnails/400/10/0000/0020/A00000020635215ko.png?l=ko,39900.0,33900,9520,,건성에 좋아요,보습에 좋아요,자극없이 순해요
A000000228228,[올영맨즈1등템]아이디얼포맨 퍼펙트 올인원 150ml 기획 4종,아이디얼포맨,https://www.oliveyoung.co.kr/store/goods/getGoodsDetail.do?goodsNo=A000000228228&dispCatNo=100000100010016&t_page=카테고리관&t_click=로션_전체__상품상세&t_number=3,https://image.oliveyoung.co.kr/cfimages/cf-goods/uploads/images/thumbnails/400/10/0000/0022/A00000022822813ko.jpg?l=ko,28000.0,18800,978,,복합성에 좋아요,보습에 좋아요,자극없이 순해요
A000000198321,에스트라 아토베리어365 로션 150ml,에스트라,https://www.oliveyoung.co.kr/store/goods/getGoodsDetail.do?goodsNo=A000000198321&dispCatNo=100000100010016&t_page=카테고리관&t_click=로션_전체__상품상세&t_number=4,https://image.oliveyoung.co.kr/cfimages/cf-goods/uploads/images/thumbnails/400/10/0000/0019/A00000019832102ko.jpg?l=ko,,33000,1661,,건성에 좋아요,보습에 좋아요,자극없이 순해요
A000000137488,비오템 옴므 아쿠아파워 올인원 세트 (클렌저 40ml+올인원 20ml),비오템,https://www.oliveyoung.co.kr/store/goods/getGoodsDetail.do?goodsNo=A000000137488&dispCatNo=100000100010016&t_page=카테고리관&t_click=로션_전체__상품상세&t_number=5,https://image.oliveyoung.co.kr/cfimages/cf-goods/uploads/images/thumbnails/400/10/0000/0013/A00000013748820ko.jpg?l=ko,56000.0,39200,594,,복합성에 좋아요,보습에 좋아요,자극없이 순해요
A000000006564,우르오스 올인원 스킨로션 200ml,우르오스,https://www.oliveyoung.co.kr/store/goods/getGoodsDetail.do?goodsNo=A000000006564&dispCatNo=100000100010016&t_page=카테고리관&t_click=로션_전체__상품상세&t_number=6,https://image.oliveyoung.co.kr/cfimages/cf-goods/uploads/images/thumbnails/400/10/0000/0000/A00000000656415ko.jpg?l=ko,29700.0,22900,3036,,복합성에 좋아요,보습에 좋아요,자극없이 순해요
A000000209904,[8월 올영픽] 제로이드 수딩 로션 160ml,제로이드,https://www.oliveyoung.co.kr/store/goods/getGoodsDetail.do?goodsNo=A000000209904&dispCatNo=100000100010016&t_page=카테고리관&t_click=로션_전체__상품상세&t_number=7,https://image.oliveyoung.co.kr/cfimages/cf-goods/uploads/images/thumbnails/400/10/0000/0020/A00000020990409ko.jpg?l=ko,30000.0,24000,852,,복합성에 좋아요,보습에 좋아요,자극없이 순해요
A000000145576,[저자극] 라운드랩 1025 독도 로션 200ml 기획 (+50ml),라운드랩,https://www.oliveyoung.co.kr/store/goods/getGoodsDetail.do?goodsNo=A000000145576&dispCatNo=100000100010016&t_page=카테고리관&t_click=로션_전체__상품상세&t_number=8,https://image.oliveyoung.co.kr/cfimages/cf-goods/uploads/images/thumbnails/400/10/0000/0014/A00000014557626ko.jpg?l=ko,20000.0,17900,6021,,복합성에 좋아요,보습에 좋아요,자극없이 순해요
A000000223781,[리뉴얼/트러블/면도후] 닥터지 레드 블레미쉬 포 맨 진정 올인원 150ml 2종 택 1 (단품/증정 기획),닥터지,https://www.oliveyoung.co.kr/store/goods/getGoodsDetail.do?goodsNo=A000000223781&dispCatNo=100000100010016&t_page=카테고리관&t_click=로션_전체__상품상세&t_number=9,https://image.oliveyoung.co.kr/cfimages/cf-goods/uploads/images/thumbnails/400/10/0000/0022/A00000022378112ko.jpg?l=ko,32000.0,21900,2750,,복합성에 좋아요,진정에 좋아요,자극없이 순해요
A000000230522,[8월 올영픽/1+1/단독기획] 토리든 다이브인 포맨 저분자 히알루론산 올인원 200g 더블 기획,토리든,https://www.oliveyoung.co.kr/store/goods/getGoodsDetail.do?goodsNo=A000000230522&dispCatNo=100000100010016&t_page=카테고리관&t_click=로션_전체__상품상세&t_number=10,https://image.oliveyoung.co.kr/cfimages/cf-goods/uploads/images/thumbnails/400/10/0000/0023/A00000023052205ko.jpg?l=ko,38000.0,28100,1681,,복합성에 좋아요,보습에 좋아요,자극없이 순해요
A000000006565,우르오스 올인원 스킨밀크 200ml,우르오스,https://www.oliveyoung.co.kr/store/goods/getGoodsDetail.do?goodsNo=A000000006565&dispCatNo=100000100010016&t_page=카테고리관&t_click=로션_전체__상품상세&t_number=11,https://image.oliveyoung.co.kr/cfimages/cf-goods/uploads/images/thumbnails/400/10/0000/0000/A00000000656515ko.jpg?l=ko,29700.0,22900,4996,,복합성에 좋아요,보습에 좋아요,자극없이 순해요
A000000223483,[8월 올영픽] 피지오겔 아쿠아 포맨 오일컷 올인원 100ml (단품/기획),피지오겔,https://www.oliveyoung.co.kr/store/goods/getGoodsDetail.do?goodsNo=A000000223483&dispCatNo=100000100010016&t_page=카테고리관&t_click=로션_전체__상품상세&t_number=12,https://image.oliveyoung.co.kr/cfimages/cf-goods/uploads/images/thumbnails/400/10/0000/0022/A00000022348330ko.jpg?l=ko,39900.0,20840,634,,복합성에 좋아요,보습에 좋아요,자극없이 순해요
A000000184697,[9년 연속 1위] 아이오페 맨 올데이 퍼펙트 올인원 120ml 기획 (+30ml),아이오페,https://www.oliveyoung.co.kr/store/goods/getGoodsDetail.do?goodsNo=A000000184697&dispCatNo=100000100010016&t_page=카테고리관&t_click=로션_전체__상품상세&t_number=13,https://image.oliveyoung.co.kr/cfimages/cf-goods/uploads/images/thumbnails/400/10/0000/0018/A00000018469721ko.jpg?l=ko,38000.0,28500,2726,,복합성에 좋아요,보습에 좋아요,자극없이 순해요
A000000199154,[민감진정/화해1위] 라운드랩 포 맨 소나무 진정 시카 로션 200ml,라운드랩,https://www.oliveyoung.co.kr/store/goods/getGoodsDetail.do?goodsNo=A000000199154&dispCatNo=100000100010016&t_page=카테고리관&t_click=로션_전체__상품상세&t_number=14,https://image.oliveyoung.co.kr/cfimages/cf-goods/uploads/images/thumbnails/400/10/0000/0019/A00000019915407ko.jpg?l=ko,25000.0,17580,3762,,복합성에 좋아요,진정에 좋아요,자극없이 순해요
A000000229322,[미니언즈 한정 에디션] 온그리디언츠 스킨 베리어 카밍 로션 기획(220ml+80ml),온그리디언츠,https://www.oliveyoung.co.kr/store/goods/getGoodsDetail.do?goodsNo=A000000229322&dispCatNo=100000100010016&t_page=카테고리관&t_click=로션_전체__상품상세&t_number=15,https://image.oliveyoung.co.kr/cfimages/cf-goods/uploads/images/thumbnails/400/10/0000/0022/A00000022932208ko.png?l=ko,,39900,12350,,건성에 좋아요,보습에 좋아요,자극없이 순해요
A000000228952,[8월 올영픽/리뷰이벤트] 토리든 밸런스풀 포맨 시카 프레쉬 올인원 200g 기획/단품(+올인원 20g),토리든,https://www.oliveyoung.co.kr/store/goods/getGoodsDetail.do?goodsNo=A000000228952&dispCatNo=100000100010016&t_page=카테고리관&t_click=로션_전체__상품상세&t_number=16,https://image.oliveyoung.co.kr/cfimages/cf-goods/uploads/images/thumbnails/400/10/0000/0022/A00000022895208ko.jpg?l=ko,25000.0,17670,123,,지성에 좋아요,진정에 좋아요,자극없이 순해요
A000000209419,제로이드 인텐시브 로션 160ml,제로이드,https://www.oliveyoung.co.kr/store/goods/getGoodsDetail.do?goodsNo=A000000209419&dispCatNo=100000100010016&t_page=카테고리관&t_click=로션_전체__상품상세&t_number=17,https://image.oliveyoung.co.kr/cfimages/cf-goods/uploads/images/thumbnails/400/10/0000/0020/A00000020941902ko.jpg?l=ko,32000.0,28800,247,,복합성에 좋아요,보습에 좋아요,자극없이 순해요
A000000230537,[8월 올영픽]오브제 포어 제로 프레쉬 올인원 150ml 단품/기획 2종 택1,오브제,https://www.oliveyoung.co.kr/store/goods/getGoodsDetail.do?goodsNo=A000000230537&dispCatNo=100000100010016&t_page=카테고리관&t_click=로션_전체__상품상세&t_number=18,https://image.oliveyoung.co.kr/cfimages/cf-goods/uploads/images/thumbnails/400/10/0000/0023/A00000023053708ko.jpg?l=ko,28000.0,19900,150,,지성에 좋아요,보습에 좋아요,자극없이 순해요
A000000222772,[쿨링캡슐]아이디얼포맨 선 올인원 140ml,아이디얼포맨,https://www.oliveyoung.co.kr/store/goods/getGoodsDetail.do?goodsNo=A000000222772&dispCatNo=100000100010016&t_page=카테고리관&t_click=로션_전체__상품상세&t_number=19,https://image.oliveyoung.co.kr/cfimages/cf-goods/uploads/images/thumbnails/400/10/0000/0022/A00000022277213ko.jpg?l=ko,24000.0,14500,1063,,,,
A000000223427,[미백/잡티케어] 달바 비타 토닝 세럼 로션 100ml,달바,https://www.oliveyoung.co.kr/store/goods/getGoodsDetail.do?goodsNo=A000000223427&dispCatNo=100000100010016&t_page=카테고리관&t_click=로션_전체__상품상세&t_number=20,https://image.oliveyoung.co.kr/cfimages/cf-goods/uploads/images/thumbnails/400/10/0000/0022/A00000022342707ko.jpg?l=ko,42000.0,33600,18,,복합성에 좋아요,보습에 좋아요,자극없이 순해요
A000000163494,[수분진정] 라운드랩 포 맨 자작나무 수분 로션 200ml,라운드랩,https://www.oliveyoung.co.kr/store/goods/getGoodsDetail.do?goodsNo=A000000163494&dispCatNo=100000100010016&t_page=카테고리관&t_click=로션_전체__상품상세&t_number=21,https://image.oliveyoung.co.kr/cfimages/cf-goods/uploads/images/thumbnails/400/10/0000/0016/A00000016349420ko.jpg?l=ko,24000.0,17010,2973,,복합성에 좋아요,보습에 좋아요,자극없이 순해요
A000000161508,[저자극/대용량] 라운드랩 1025 독도 로션 400ml,라운드랩,https://www.oliveyoung.co.kr/store/goods/getGoodsDetail.do?goodsNo=A000000161508&dispCatNo=100000100010016&t_page=카테고리관&t_click=로션_전체__상품상세&t_number=22,https://image.oliveyoung.co.kr/cfimages/cf-goods/uploads/images/thumbnails/400/10/0000/0016/A00000016150812ko.jpg?l=ko,,39000,12299,,복합성에 좋아요,보습에 좋아요,자극없이 순해요
A000000211140,아누아 어성초 70 데일리 로션 200ml,아누아,https://www.oliveyoung.co.kr/store/goods/getGoodsDetail.do?goodsNo=A000000211140&dispCatNo=100000100010016&t_page=카테고리관&t_click=로션_전체__상품상세&t_number=23,https://image.oliveyoung.co.kr/cfimages/cf-goods/uploads/images/thumbnails/400/10/0000/0021/A00000021114002ko.jpg?l=ko,,28000,629,,복합성에 좋아요,보습에 좋아요,자극없이 순해요
A000000214170,[단독기획] 키엘 울트라 훼이셜 베리어 스틱 밤 기획/단품,키엘,https://www.oliveyoung.co.kr/store/goods/getGoodsDetail.do?goodsNo=A000000214170&dispCatNo=100000100010016&t_page=카테고리관&t_click=로션_전체__상품상세&t_number=24,https://image.oliveyoung.co.kr/cfimages/cf-goods/uploads/images/thumbnails/400/10/0000/0021/A00000021417010ko.jpg?l=ko,42000.0,35700,147,,건성에 좋아요,보습에 좋아요,자극없이 순해요
A000000222834,에스트라 아토베리어365 로션 150ml 기획 (하이드로에센스 25ml+세라-히알 속수분 앰플 7ml),에스트라,https://www.oliveyoung.co.kr/store/goods/getGoodsDetail.do?goodsNo=A000000222834&dispCatNo=100000100010016&trackingCd=Cat100000100010016_Small&t_page=카테고리관&t_click=로션_전체__상품상세&t_number=25,https://image.oliveyoung.co.kr/cfimages/cf-goods/uploads/images/thumbnails/400/10/0000/0022/A00000022283403ko.jpg?l=ko,,33000,6842,,건성에 좋아요,보습에 좋아요,자극없이 순해요
A000000179655,닥터지 레드 블레미쉬 포 맨 올인원 플루이드 150ml+75ml 기획,닥터지,https://www.oliveyoung.co.kr/store/goods/getGoodsDetail.do?goodsNo=A000000179655&dispCatNo=100000100010016&trackingCd=Cat100000100010016_Small&t_page=카테고리관&t_click=로션_전체__상품상세&t_number=26,https://image.oliveyoung.co.kr/cfimages/cf-goods/uploads/images/thumbnails/400/10/0000/0017/A00000017965514ko.jpg?l=ko,32000.0,24000,5630,,복합성에 좋아요,진정에 좋아요,자극없이 순해요
A000000228955,[NEW] 토리든 밸런스풀 포맨 시카 오일프리 로션 200ml,토리든,https://www.oliveyoung.co.kr/store/goods/getGoodsDetail.do?goodsNo=A000000228955&dispCatNo=100000100010016&trackingCd=Cat100000100010016_Small&t_page=카테고리관&t_click=로션_전체__상품상세&t_number=27,https://image.oliveyoung.co.kr/cfimages/cf-goods/uploads/images/thumbnails/400/10/0000/0022/A00000022895503ko.jpg?l=ko,23000.0,17300,10,,지성에 좋아요,진정에 좋아요,보통이에요
A000000222771,[여드름피부적합] 아이디얼포맨 시카 올인원 (단품/증정기획),아이디얼포맨,https://www.oliveyoung.co.kr/store/goods/getGoodsDetail.do?goodsNo=A000000222771&dispCatNo=100000100010016&trackingCd=Cat100000100010016_Small&t_page=카테고리관&t_click=로션_전체__상품상세&t_number=28,https://image.oliveyoung.co.kr/cfimages/cf-goods/uploads/images/thumbnails/400/10/0000/0022/A00000022277112ko.jpg?l=ko,26000.0,16800,775,,복합성에 좋아요,진정에 좋아요,자극없이 순해요
A000000199665,리얼베리어 익스트림 로션 150ml 기획 (+50ml),리얼베리어,https://www.oliveyoung.co.kr/store/goods/getGoodsDetail.do?goodsNo=A000000199665&dispCatNo=100000100010016&trackingCd=Cat100000100010016_Small&t_page=카테고리관&t_click=로션_전체__상품상세&t_number=29,https://image.oliveyoung.co.kr/cfimages/cf-goods/uploads/images/thumbnails/400/10/0000/0019/A00000019966502ko.jpg?l=ko,30000.0,19500,2263,,복합성에 좋아요,보습에 좋아요,자극없이 순해요
A000000210719,[판테놀/히알루론산]아이디얼포맨 퍼펙트 보습 올인원 (단품/증정기획),아이디얼포맨,https://www.oliveyoung.co.kr/store/goods/getGoodsDetail.do?goodsNo=A000000210719&dispCatNo=100000100010016&trackingCd=Cat100000100010016_Small&t_page=카테고리관&t_click=로션_전체__상품상세&t_number=30,https://image.oliveyoung.co.kr/cfimages/cf-goods/uploads/images/thumbnails/400/10/0000/0021/A00000021071908ko.jpg?l=ko,28000.0,18800,616,,복합성에 좋아요,보습에 좋아요,자극없이 순해요
A000000183744,[시카보다 4배*강한] 한율 어린쑥 수분진정 플루이드 125ml,한율,https://www.oliveyoung.co.kr/store/goods/getGoodsDetail.do?goodsNo=A000000183744&dispCatNo=100000100010016&trackingCd=Cat100000100010016_Small&t_page=카테고리관&t_click=로션_전체__상품상세&t_number=31,https://image.oliveyoung.co.kr/cfimages/cf-goods/uploads/images/thumbnails/400/10/0000/0018/A00000018374411ko.jpg?l=ko,32000.0,25600,1370,,복합성에 좋아요,진정에 좋아요,자극없이 순해요
A000000137078,싸이닉 더 심플 데일리 로션 260ml,싸이닉,https://www.oliveyoung.co.kr/store/goods/getGoodsDetail.do?goodsNo=A000000137078&dispCatNo=100000100010016&trackingCd=Cat100000100010016_Small&t_page=카테고리관&t_click=로션_전체__상품상세&t_number=32,https://image.oliveyoung.co.kr/cfimages/cf-goods/uploads/images/thumbnails/400/10/0000/0013/A00000013707813ko.jpg?l=ko,18000.0,9900,3093,,복합성에 좋아요,보습에 좋아요,자극없이 순해요
A000000215009,비오템옴므 아쿠아파워 어드밴스드 젤 PRO 100ml,비오템,https://www.oliveyoung.co.kr/store/goods/getGoodsDetail.do?goodsNo=A000000215009&dispCatNo=100000100010016&trackingCd=Cat100000100010016_Small&t_page=카테고리관&t_click=로션_전체__상품상세&t_number=33,https://image.oliveyoung.co.kr/cfimages/cf-goods/uploads/images/thumbnails/400/10/0000/0021/A00000021500904ko.jpg?l=ko,92000.0,78200,18,,복합성에 좋아요,보습에 좋아요,자극없이 순해요
A000000207111,[단독기획]토리든 다이브인 포맨 저분자 히알루론산 올인원 200g 단품/기획 (+올인원 20g),토리든,https://www.oliveyoung.co.kr/store/goods/getGoodsDetail.do?goodsNo=A000000207111&dispCatNo=100000100010016&trackingCd=Cat100000100010016_Small&t_page=카테고리관&t_click=로션_전체__상품상세&t_number=34,https://image.oliveyoung.co.kr/cfimages/cf-goods/uploads/images/thumbnails/400/10/0000/0020/A00000020711131ko.jpg?l=ko,24000.0,18240,2250,,복합성에 좋아요,보습에 좋아요,자극없이 순해요
A000000225614,그라운드랩 올인원 모이스처라이저 스킨 로션 200ml,그라운드랩,https://www.oliveyoung.co.kr/store/goods/getGoodsDetail.do?goodsNo=A000000225614&dispCatNo=100000100010016&trackingCd=Cat100000100010016_Small&t_page=카테고리관&t_click=로션_전체__상품상세&t_number=35,https://image.oliveyoung.co.kr/cfimages/cf-goods/uploads/images/thumbnails/400/10/0000/0022/A00000022561402ko.jpg?l=ko,26000.0,24000,442,,건성에 좋아요,보습에 좋아요,자극없이 순해요
A000000188948,한율 빨간쌀 보습탄력 에멀젼 125ml,한율,https://www.oliveyoung.co.kr/store/goods/getGoodsDetail.do?goodsNo=A000000188948&dispCatNo=100000100010016&trackingCd=Cat100000100010016_Small&t_page=카테고리관&t_click=로션_전체__상품상세&t_number=36,https://image.oliveyoung.co.kr/cfimages/cf-goods/uploads/images/thumbnails/400/10/0000/0018/A00000018894805ko.jpg?l=ko,43000.0,36500,304,,복합성에 좋아요,보습에 좋아요,자극없이 순해요
A000000206934,[장벽/보습]아벤느 트릭세라 뉴트리-플루이드 로션 200ml 더블 기획 *윤광 *광채 크림,아벤느,https://www.oliveyoung.co.kr/store/goods/getGoodsDetail.do?goodsNo=A000000206934&dispCatNo=100000100010016&trackingCd=Cat100000100010016_Small&t_page=카테고리관&t_click=로션_전체__상품상세&t_number=37,https://image.oliveyoung.co.kr/cfimages/cf-goods/uploads/images/thumbnails/400/10/0000/0020/A00000020693405ko.jpg?l=ko,44000.0,35900,2321,,건성에 좋아요,보습에 좋아요,자극없이 순해요
A000000197722,[지성피부/유분케어] 라운드랩 포 맨 1025 독도 올인원 젤로션 200ml,라운드랩,https://www.oliveyoung.co.kr/store/goods/getGoodsDetail.do?goodsNo=A000000197722&dispCatNo=100000100010016&trackingCd=Cat100000100010016_Small&t_page=카테고리관&t_click=로션_전체__상품상세&t_number=38,https://image.oliveyoung.co.kr/cfimages/cf-goods/uploads/images/thumbnails/400/10/0000/0019/A00000019772204ko.jpg?l=ko,24000.0,17010,1717,,지성에 좋아요,보습에 좋아요,자극없이 순해요
A000000212251,[NEW]오브제 포어 제로 오일 컨트롤 로션 70ml,오브제,https://www.oliveyoung.co.kr/store/goods/getGoodsDetail.do?goodsNo=A000000212251&dispCatNo=100000100010016&trackingCd=Cat100000100010016_Small&t_page=카테고리관&t_click=로션_전체__상품상세&t_number=39,https://image.oliveyoung.co.kr/cfimages/cf-goods/uploads/images/thumbnails/400/10/0000/0021/A00000021225107ko.jpg?l=ko,23000.0,16800,455,,지성에 좋아요,보습에 좋아요,자극없이 순해요
A000000203247,[탄력에멀전] 바이오힐 보 프로바이오덤 3D 리프팅 에멀전 150ml [단품],바이오힐 보,https://www.oliveyoung.co.kr/store/goods/getGoodsDetail.do?goodsNo=A000000203247&dispCatNo=100000100010016&trackingCd=Cat100000100010016_Small&t_page=카테고리관&t_click=로션_전체__상품상세&t_number=40,https://image.oliveyoung.co.kr/cfimages/cf-goods/uploads/images/thumbnails/400/10/0000/0020/A00000020324706ko.jpg?l=ko,29000.0,22900,545,,건성에 좋아요,보습에 좋아요,자극없이 순해요
A000000206008,아이오페 맨 올데이 퍼펙트 톤업 올인원 120ml 기획(+30ml),아이오페,https://www.oliveyoung.co.kr/store/goods/getGoodsDetail.do?goodsNo=A000000206008&dispCatNo=100000100010016&trackingCd=Cat100000100010016_Small&t_page=카테고리관&t_click=로션_전체__상품상세&t_number=41,https://image.oliveyoung.co.kr/cfimages/cf-goods/uploads/images/thumbnails/400/10/0000/0020/A00000020600809ko.jpg?l=ko,38000.0,20810,115,,복합성에 좋아요,주름/미백에 좋아요,자극없이 순해요
A000000182277,[개기름/지성] 닥터지 레드 블레미쉬 포 맨 올인원 오일컷 로션 150ml 3종 택1 (단품/증정 기획),닥터지,https://www.oliveyoung.co.kr/store/goods/getGoodsDetail.do?goodsNo=A000000182277&dispCatNo=100000100010016&trackingCd=Cat100000100010016_Small&t_page=카테고리관&t_click=로션_전체__상품상세&t_number=42,https://image.oliveyoung.co.kr/cfimages/cf-goods/uploads/images/thumbnails/400/10/0000/0018/A00000018227705ko.jpg?l=ko,32000.0,19900,2188,,지성에 좋아요,진정에 좋아요,자극없이 순해요
A000000223782,[리뉴얼/펩타이드/속보습] 닥터지 레드 블레미쉬 포 맨 탄력 올인원 2종 택 1 (단품/증정 기획),닥터지,https://www.oliveyoung.co.kr/store/goods/getGoodsDetail.do?goodsNo=A000000223782&dispCatNo=100000100010016&trackingCd=Cat100000100010016_Small&t_page=카테고리관&t_click=로션_전체__상품상세&t_number=43,https://image.oliveyoung.co.kr/cfimages/cf-goods/uploads/images/thumbnails/400/10/0000/0022/A00000022378201ko.jpg?l=ko,32000.0,18920,2972,,복합성에 좋아요,보습에 좋아요,자극없이 순해요
A000000183229,[민감피부/저자극] 라운드랩 포 맨 1025 독도 올인원 플루이드 200ml+200ml,라운드랩,https://www.oliveyoung.co.kr/store/goods/getGoodsDetail.do?goodsNo=A000000183229&dispCatNo=100000100010016&trackingCd=Cat100000100010016_Small&t_page=카테고리관&t_click=로션_전체__상품상세&t_number=44,https://image.oliveyoung.co.kr/cfimages/cf-goods/uploads/images/thumbnails/400/10/0000/0018/A00000018322904ko.jpg?l=ko,43000.0,30500,2567,,복합성에 좋아요,보습에 좋아요,자극없이 순해요
A000000199270,아이오페 맨 프로 레티놀 올인원 120ml 기획 (+30ml),아이오페,https://www.oliveyoung.co.kr/store/goods/getGoodsDetail.do?goodsNo=A000000199270&dispCatNo=100000100010016&trackingCd=Cat100000100010016_Small&t_page=카테고리관&t_click=로션_전체__상품상세&t_number=45,https://image.oliveyoung.co.kr/cfimages/cf-goods/uploads/images/thumbnails/400/10/0000/0019/A00000019927012ko.jpg?l=ko,38000.0,28500,939,,복합성에 좋아요,보습에 좋아요,자극없이 순해요
A000000163655,닥터지 더모이스처 배리어 D 로션세트(200ml+30ml),닥터지,https://www.oliveyoung.co.kr/store/goods/getGoodsDetail.do?goodsNo=A000000163655&dispCatNo=100000100010016&trackingCd=Cat100000100010016_Small&t_page=카테고리관&t_click=로션_전체__상품상세&t_number=46,https://image.oliveyoung.co.kr/cfimages/cf-goods/uploads/images/thumbnails/400/10/0000/0016/A00000016365509ko.jpg?l=ko,34000.0,27200,1535,,복합성에 좋아요,보습에 좋아요,자극없이 순해요
A000000208029,[여드름] 포엘리에 옴므 시카 트러블 진정 남자 로션 145ml,포엘리에,https://www.oliveyoung.co.kr/store/goods/getGoodsDetail.do?goodsNo=A000000208029&dispCatNo=100000100010016&trackingCd=Cat100000100010016_Small&t_page=카테고리관&t_click=로션_전체__상품상세&t_number=47,https://image.oliveyoung.co.kr/cfimages/cf-goods/uploads/images/thumbnails/400/10/0000/0020/A00000020802915ko.jpg?l=ko,19600.0,16890,78,,복합성에 좋아요,진정에 좋아요,자극없이 순해요
A000000195679,[개기름/여름로션] 아이소이 포맨 아크니 닥터 올인원 100ml 기획 (+진정 올인원 15ml),아이소이,https://www.oliveyoung.co.kr/store/goods/getGoodsDetail.do?goodsNo=A000000195679&dispCatNo=100000100010016&trackingCd=Cat100000100010016_Small&t_page=카테고리관&t_click=로션_전체__상품상세&t_number=48,https://image.oliveyoung.co.kr/cfimages/cf-goods/uploads/images/thumbnails/400/10/0000/0019/A00000019567903ko.jpg?l=ko,33000.0,23470,581,,복합성에 좋아요,진정에 좋아요,자극없이 순해요
A000000226598,네이처리퍼블릭 아프리카 버드 옴므 올인원 모이스처라이저 150ml,네이처리퍼블릭,https://www.oliveyoung.co.kr/store/goods/getGoodsDetail.do?goodsNo=A000000226598&dispCatNo=100000100010016&trackingCd=Cat100000100010016_Small&t_page=카테고리관&t_click=로션_전체__상품상세&t_number=49,https://image.oliveyoung.co.kr/cfimages/cf-goods/uploads/images/thumbnails/400/10/0000/0022/A00000022659802ko.jpg?l=ko,15000.0,14000,4,,복합성에 좋아요,진정에 좋아요,보통이에요
A000000144041,폴라초이스 스킨 발란싱 수분 젤 60ml,폴라초이스,https://www.oliveyoung.co.kr/store/goods/getGoodsDetail.do?goodsNo=A000000144041&dispCatNo=100000100010016&trackingCd=Cat100000100010016_Small&t_page=카테고리관&t_click=로션_전체__상품상세&t_number=50,https://image.oliveyoung.co.kr/cfimages/cf-goods/uploads/images/thumbnails/400/10/0000/0014/A00000014404104ko.jpg?l=ko,53000.0,42400,36,,복합성에 좋아요,진정에 좋아요,자극없이 순해요
A000000219845,[쿨링진정]메이크프렘 인테카 포맨 수딩 올인원 200ml,메이크프렘,https://www.oliveyoung.co.kr/store/goods/getGoodsDetail.do?goodsNo=A000000219845&dispCatNo=100000100010016&trackingCd=Cat100000100010016_Small&t_page=카테고리관&t_click=로션_전체__상품상세&t_number=51,https://image.oliveyoung.co.kr/cfimages/cf-goods/uploads/images/thumbnails/400/10/0000/0021/A00000021984514ko.jpg?l=ko,28000.0,19040,255,,복합성에 좋아요,진정에 좋아요,자극없이 순해요
A000000213387,더마라인 디렉소 PDRN 솔루션 액티빙 에멀전 200ml,더마라인,https://www.oliveyoung.co.kr/store/goods/getGoodsDetail.do?goodsNo=A000000213387&dispCatNo=100000100010016&trackingCd=Cat100000100010016_Small&t_page=카테고리관&t_click=로션_전체__상품상세&t_number=52,https://image.oliveyoung.co.kr/cfimages/cf-goods/uploads/images/thumbnails/400/10/0000/0021/A00000021338701ko.jpg?l=ko,55000.0,38900,24,,건성에 좋아요,보습에 좋아요,자극없이 순해요
A000000012809,피지오겔 DMT 데일리보습 로션 200ml,피지오겔,https://www.oliveyoung.co.kr/store/goods/getGoodsDetail.do?goodsNo=A000000012809&dispCatNo=100000100010016&trackingCd=Cat100000100010016_Small&t_page=카테고리관&t_click=로션_전체__상품상세&t_number=53,https://image.oliveyoung.co.kr/cfimages/cf-goods/uploads/images/thumbnails/400/10/0000/0001/A00000001280908ko.jpg?l=ko,,38000,9770,,건성에 좋아요,보습에 좋아요,자극없이 순해요
A000000201011,[화잘먹/윤광미백] 식물나라 뽀얀쌀 맑은톤 로션 300mL,식물나라,https://www.oliveyoung.co.kr/store/goods/getGoodsDetail.do?goodsNo=A000000201011&dispCatNo=100000100010016&trackingCd=Cat100000100010016_Small&t_page=카테고리관&t_click=로션_전체__상품상세&t_number=54,https://image.oliveyoung.co.kr/cfimages/cf-goods/uploads/images/thumbnails/400/10/0000/0020/A00000020101103ko.jpg?l=ko,15800.0,10800,2227,,복합성에 좋아요,보습에 좋아요,자극없이 순해요
A000000209879,[NEW] 브링그린 티트리시카포맨올인원로션플러스200mL기획(스팟패치25매증정),브링그린,https://www.oliveyoung.co.kr/store/goods/getGoodsDetail.do?goodsNo=A000000209879&dispCatNo=100000100010016&trackingCd=Cat100000100010016_Small&t_page=카테고리관&t_click=로션_전체__상품상세&t_number=55,https://image.oliveyoung.co.kr/cfimages/cf-goods/uploads/images/thumbnails/400/10/0000/0020/A00000020987901ko.jpg?l=ko,23000.0,14900,97,,복합성에 좋아요,진정에 좋아요,자극없이 순해요
A000000170690,[미백잡티] 유세린 이븐래디언스 모이스처라이저 50ml,유세린,https://www.oliveyoung.co.kr/store/goods/getGoodsDetail.do?goodsNo=A000000170690&dispCatNo=100000100010016&trackingCd=Cat100000100010016_Small&t_page=카테고리관&t_click=로션_전체__상품상세&t_number=56,https://image.oliveyoung.co.kr/cfimages/cf-goods/uploads/images/thumbnails/400/10/0000/0017/A00000017069018ko.jpg?l=ko,38000.0,29900,446,,복합성에 좋아요,보습에 좋아요,자극없이 순해요
A000000121268,싸이닉 더 심플 데일리 로션 145ml,싸이닉,https://www.oliveyoung.co.kr/store/goods/getGoodsDetail.do?goodsNo=A000000121268&dispCatNo=100000100010016&trackingCd=Cat100000100010016_Small&t_page=카테고리관&t_click=로션_전체__상품상세&t_number=57,https://image.oliveyoung.co.kr/cfimages/cf-goods/uploads/images/thumbnails/400/10/0000/0012/A00000012126815ko.png?l=ko,18000.0,8400,2735,,복합성에 좋아요,보습에 좋아요,자극없이 순해요
A000000161776,[단독기획]우르오스 중건성 페이셜케어 기획세트(스킨밀크200ml+페이스워시100g),우르오스,https://www.oliveyoung.co.kr/store/goods/getGoodsDetail.do?goodsNo=A000000161776&dispCatNo=100000100010016&trackingCd=Cat100000100010016_Small&t_page=카테고리관&t_click=로션_전체__상품상세&t_number=58,https://image.oliveyoung.co.kr/cfimages/cf-goods/uploads/images/thumbnails/400/10/0000/0016/A00000016177612ko.png?l=ko,42900.0,29900,4877,,복합성에 좋아요,보습에 좋아요,자극없이 순해요
A000000199594,[올영단독]닥터자르트 포어레미디 스무딩 프라이머 (본품30ml+15ml 추가 증정)(단품/기획),닥터자르트,https://www.oliveyoung.co.kr/store/goods/getGoodsDetail.do?goodsNo=A000000199594&dispCatNo=100000100010016&trackingCd=Cat100000100010016_Small&t_page=카테고리관&t_click=로션_전체__상품상세&t_number=59,https://image.oliveyoung.co.kr/cfimages/cf-goods/uploads/images/thumbnails/400/10/0000/0019/A00000019959404ko.jpg?l=ko,41000.0,26650,35,,복합성에 좋아요,보습에 좋아요,자극없이 순해요
A000000227226,브리올옴므 퍼펙트 화이트닝 로션 120ml,브리올옴므,https://www.oliveyoung.co.kr/store/goods/getGoodsDetail.do?goodsNo=A000000227226&dispCatNo=100000100010016&trackingCd=Cat100000100010016_Small&t_page=카테고리관&t_click=로션_전체__상품상세&t_number=60,https://image.oliveyoung.co.kr/cfimages/cf-goods/uploads/images/thumbnails/400/10/0000/0022/A00000022722601ko.jpg?l=ko,26000.0,24210,14,,건성에 좋아요,보습에 좋아요,자극없이 순해요
A000000145840,플리프 시카-알로에 카밍 올인원 로션 (200ml+50ml),플리프,https://www.oliveyoung.co.kr/store/goods/getGoodsDetail.do?goodsNo=A000000145840&dispCatNo=100000100010016&trackingCd=Cat100000100010016_Small&t_page=카테고리관&t_click=로션_전체__상품상세&t_number=61,https://image.oliveyoung.co.kr/cfimages/cf-goods/uploads/images/thumbnails/400/10/0000/0014/A00000014584013ko.jpg?l=ko,,24000,2362,,복합성에 좋아요,진정에 좋아요,자극없이 순해요
A000000195699,[보습/건성] 아이소이 포맨 모이스춰 닥터 올인원 100ml 기획 (+보습 올인원 15ml),아이소이,https://www.oliveyoung.co.kr/store/goods/getGoodsDetail.do?goodsNo=A000000195699&dispCatNo=100000100010016&trackingCd=Cat100000100010016_Small&t_page=카테고리관&t_click=로션_전체__상품상세&t_number=62,https://image.oliveyoung.co.kr/cfimages/cf-goods/uploads/images/thumbnails/400/10/0000/0019/A00000019569903ko.jpg?l=ko,33000.0,23470,205,,복합성에 좋아요,보습에 좋아요,자극없이 순해요
A000000117541,우르오스 올인원 200ml 2종 택 1,우르오스,https://www.oliveyoung.co.kr/store/goods/getGoodsDetail.do?goodsNo=A000000117541&dispCatNo=100000100010016&trackingCd=Cat100000100010016_Small&t_page=카테고리관&t_click=로션_전체__상품상세&t_number=63,https://image.oliveyoung.co.kr/cfimages/cf-goods/uploads/images/thumbnails/400/10/0000/0011/A00000011754136ko.jpg?l=ko,29700.0,22900,6655,,복합성에 좋아요,보습에 좋아요,자극없이 순해요
A000000176899,무슈제이 베이직 아쿠아 보습 올인원 1+1 기획(200ml+200ml),무슈제이,https://www.oliveyoung.co.kr/store/goods/getGoodsDetail.do?goodsNo=A000000176899&dispCatNo=100000100010016&trackingCd=Cat100000100010016_Small&t_page=카테고리관&t_click=로션_전체__상품상세&t_number=64,https://image.oliveyoung.co.kr/cfimages/cf-goods/uploads/images/thumbnails/400/10/0000/0017/A00000017689928ko.jpg?l=ko,24900.0,22710,804,,복합성에 좋아요,보습에 좋아요,자극없이 순해요
A000000155994,포맨트 시그니처 올인원 에센스 96ml,포맨트,https://www.oliveyoung.co.kr/store/goods/getGoodsDetail.do?goodsNo=A000000155994&dispCatNo=100000100010016&trackingCd=Cat100000100010016_Small&t_page=카테고리관&t_click=로션_전체__상품상세&t_number=65,https://image.oliveyoung.co.kr/cfimages/cf-goods/uploads/images/thumbnails/400/10/0000/0015/A00000015599406ko.jpg?l=ko,28900.0,21950,464,,복합성에 좋아요,보습에 좋아요,자극없이 순해요
A000000179257,[진정/속보습] 센텔리안24 마데카 데일리 리페어 에센스로션 100ml,센텔리안24,https://www.oliveyoung.co.kr/store/goods/getGoodsDetail.do?goodsNo=A000000179257&dispCatNo=100000100010016&trackingCd=Cat100000100010016_Small&t_page=카테고리관&t_click=로션_전체__상품상세&t_number=66,https://image.oliveyoung.co.kr/cfimages/cf-goods/uploads/images/thumbnails/400/10/0000/0017/A00000017925706ko.jpg?l=ko,30000.0,21000,203,,복합성에 좋아요,보습에 좋아요,자극없이 순해요
A000000011088,엠도씨 세붐 스트라이크 세럼 100ml,엠도씨,https://www.oliveyoung.co.kr/store/goods/getGoodsDetail.do?goodsNo=A000000011088&dispCatNo=100000100010016&trackingCd=Cat100000100010016_Small&t_page=카테고리관&t_click=로션_전체__상품상세&t_number=67,https://image.oliveyoung.co.kr/cfimages/cf-goods/uploads/images/thumbnails/400/10/0000/0001/A00000001108804ko.jpg?l=ko,,20000,161,,지성에 좋아요,보습에 좋아요,자극없이 순해요
A000000015971,우르오스 올인원 스킨컨디셔너 60g,우르오스,https://www.oliveyoung.co.kr/store/goods/getGoodsDetail.do?goodsNo=A000000015971&dispCatNo=100000100010016&trackingCd=Cat100000100010016_Small&t_page=카테고리관&t_click=로션_전체__상품상세&t_number=68,https://image.oliveyoung.co.kr/cfimages/cf-goods/uploads/images/thumbnails/400/10/0000/0001/A00000001597114ko.jpg?l=ko,25000.0,20000,861,,복합성에 좋아요,보습에 좋아요,자극없이 순해요
A000000210476,더샘 클래식 옴므 올인원 에센스,더샘,https://www.oliveyoung.co.kr/store/goods/getGoodsDetail.do?goodsNo=A000000210476&dispCatNo=100000100010016&trackingCd=Cat100000100010016_Small&t_page=카테고리관&t_click=로션_전체__상품상세&t_number=69,https://image.oliveyoung.co.kr/cfimages/cf-goods/uploads/images/thumbnails/400/10/0000/0021/A00000021047605ko.jpg?l=ko,30000.0,19950,5,,복합성에 좋아요,진정에 좋아요,보통이에요
A000000230762,[8월 올영픽/리뷰이벤트] 이니스프리 포레스트포맨 올인원 에센스 100ml 기획(+에센스 25ml+폼30g),이니스프리,https://www.oliveyoung.co.kr/store/goods/getGoodsDetail.do?goodsNo=A000000230762&dispCatNo=100000100010016&trackingCd=Cat100000100010016_Small&t_page=카테고리관&t_click=로션_전체__상품상세&t_number=70,https://image.oliveyoung.co.kr/cfimages/cf-goods/uploads/images/thumbnails/400/10/0000/0023/A00000023076208ko.jpg?l=ko,29000.0,19900,170,,,,
A000000223196,[RENEW]아이디얼포맨 올인원 3종 (프레시/시카/선),아이디얼포맨,https://www.oliveyoung.co.kr/store/goods/getGoodsDetail.do?goodsNo=A000000223196&dispCatNo=100000100010016&trackingCd=Cat100000100010016_Small&t_page=카테고리관&t_click=로션_전체__상품상세&t_number=71,https://image.oliveyoung.co.kr/cfimages/cf-goods/uploads/images/thumbnails/400/10/0000/0022/A00000022319612ko.jpg?l=ko,24000.0,14500,2057,,복합성에 좋아요,보습에 좋아요,자극없이 순해요
A000000011086,엠도씨 화이트닝 스킨 플러스 로션 150ml,엠도씨,https://www.oliveyoung.co.kr/store/goods/getGoodsDetail.do?goodsNo=A000000011086&dispCatNo=100000100010016&trackingCd=Cat100000100010016_Small&t_page=카테고리관&t_click=로션_전체__상품상세&t_number=72,https://image.oliveyoung.co.kr/cfimages/cf-goods/uploads/images/thumbnails/400/10/0000/0001/A00000001108605ko.png?l=ko,23000.0,18400,648,,복합성에 좋아요,보습에 좋아요,자극없이 순해요
B000000184086,[대용량]닥터방기원 시카마이드 딥 모이스처 밸런싱 올인원 300ml,닥터방기원,https://www.oliveyoung.co.kr/store/goods/getGoodsDetail.do?goodsNo=B000000184086&dispCatNo=100000100010016&trackingCd=Cat100000100010016_Small&t_page=카테고리관&t_click=로션_전체__상품상세&t_number=73,https://image.oliveyoung.co.kr/cfimages/cf-goods/uploads/images/thumbnails/400/10/0000/0018/B00000018408601ko.jpg?l=ko,,17900,85,,건성에 좋아요,보습에 좋아요,자극없이 순해요
A000000170034,라네즈옴므 크림스킨 옴므 올인원 150ml 기획 (+25+25ml),라네즈,https://www.oliveyoung.co.kr/store/goods/getGoodsDetail.do?goodsNo=A000000170034&dispCatNo=100000100010016&trackingCd=Cat100000100010016_Small&t_page=카테고리관&t_click=로션_전체__상품상세&t_number=74,https://image.oliveyoung.co.kr/cfimages/cf-goods/uploads/images/thumbnails/400/10/0000/0017/A00000017003418ko.jpg?l=ko,28000.0,17640,1293,,복합성에 좋아요,보습에 좋아요,자극없이 순해요
A000000183230,[민감피부/저자극] 라운드랩 포 맨 1025 독도 올인원 플루이드 200ml,라운드랩,https://www.oliveyoung.co.kr/store/goods/getGoodsDetail.do?goodsNo=A000000183230&dispCatNo=100000100010016&trackingCd=Cat100000100010016_Small&t_page=카테고리관&t_click=로션_전체__상품상세&t_number=75,https://image.oliveyoung.co.kr/cfimages/cf-goods/uploads/images/thumbnails/400/10/0000/0018/A00000018323001ko.jpg?l=ko,24000.0,17010,2566,,복합성에 좋아요,보습에 좋아요,자극없이 순해요
A000000223266,비플레인 시카테롤 올인원 200ml 기획/단품 2종 택1,비플레인,https://www.oliveyoung.co.kr/store/goods/getGoodsDetail.do?goodsNo=A000000223266&dispCatNo=100000100010016&trackingCd=Cat100000100010016_Small&t_page=카테고리관&t_click=로션_전체__상품상세&t_number=76,https://image.oliveyoung.co.kr/cfimages/cf-goods/uploads/images/thumbnails/400/10/0000/0022/A00000022326614ko.jpg?l=ko,30000.0,16900,12,,복합성에 좋아요,진정에 좋아요,자극없이 순해요
A000000203855,비욘드 엔젤아쿠아 보습 장벽 로션 200ml,비욘드,https://www.oliveyoung.co.kr/store/goods/getGoodsDetail.do?goodsNo=A000000203855&dispCatNo=100000100010016&trackingCd=Cat100000100010016_Small&t_page=카테고리관&t_click=로션_전체__상품상세&t_number=77,https://image.oliveyoung.co.kr/cfimages/cf-goods/uploads/images/thumbnails/400/10/0000/0020/A00000020385503ko.jpg?l=ko,23000.0,16060,413,,복합성에 좋아요,보습에 좋아요,자극없이 순해요
A000000183210,[수분진정] 이니스프리 그린티 히알루론산 로션 170ml,이니스프리,https://www.oliveyoung.co.kr/store/goods/getGoodsDetail.do?goodsNo=A000000183210&dispCatNo=100000100010016&trackingCd=Cat100000100010016_Small&t_page=카테고리관&t_click=로션_전체__상품상세&t_number=78,https://image.oliveyoung.co.kr/cfimages/cf-goods/uploads/images/thumbnails/400/10/0000/0018/A00000018321014ko.jpg?l=ko,21000.0,15750,266,,복합성에 좋아요,보습에 좋아요,자극없이 순해요
A000000204159,[에이든팍 PICK] 다슈 보이 파란 수분초 올인원 150ml 기획 (+수분크림 50ml),다슈,https://www.oliveyoung.co.kr/store/goods/getGoodsDetail.do?goodsNo=A000000204159&dispCatNo=100000100010016&trackingCd=Cat100000100010016_Small&t_page=카테고리관&t_click=로션_전체__상품상세&t_number=79,https://image.oliveyoung.co.kr/cfimages/cf-goods/uploads/images/thumbnails/400/10/0000/0020/A00000020415906ko.jpg?l=ko,23000.0,13770,137,,복합성에 좋아요,보습에 좋아요,자극없이 순해요
A000000185157,라끄베르 옴므 리차지 시카 에멀전 180ml,라끄베르,https://www.oliveyoung.co.kr/store/goods/getGoodsDetail.do?goodsNo=A000000185157&dispCatNo=100000100010016&trackingCd=Cat100000100010016_Small&t_page=카테고리관&t_click=로션_전체__상품상세&t_number=80,https://image.oliveyoung.co.kr/cfimages/cf-goods/uploads/images/thumbnails/400/10/0000/0018/A00000018515701ko.jpg?l=ko,16000.0,10800,85,,복합성에 좋아요,보습에 좋아요,자극없이 순해요
A000000011087,엠도씨 릴리프 에센스 에멀젼 100ml,엠도씨,https://www.oliveyoung.co.kr/store/goods/getGoodsDetail.do?goodsNo=A000000011087&dispCatNo=100000100010016&trackingCd=Cat100000100010016_Small&t_page=카테고리관&t_click=로션_전체__상품상세&t_number=81,https://image.oliveyoung.co.kr/cfimages/cf-goods/uploads/images/thumbnails/400/10/0000/0001/A00000001108703ko.jpg?l=ko,,22000,165,,복합성에 좋아요,보습에 좋아요,자극없이 순해요
A000000016749,라끄베르 옴므 리차지 에멀전 180ml,라끄베르,https://www.oliveyoung.co.kr/store/goods/getGoodsDetail.do?goodsNo=A000000016749&dispCatNo=100000100010016&trackingCd=Cat100000100010016_Small&t_page=카테고리관&t_click=로션_전체__상품상세&t_number=82,https://image.oliveyoung.co.kr/cfimages/cf-goods/uploads/images/thumbnails/400/10/0000/0001/A00000001674902ko.jpg?l=ko,16000.0,10800,981,,복합성에 좋아요,보습에 좋아요,자극없이 순해요
A000000103320,코스알엑스 오일-프리 울트라 모이스쳐라이징 로션 100ml,코스알엑스,https://www.oliveyoung.co.kr/store/goods/getGoodsDetail.do?goodsNo=A000000103320&dispCatNo=100000100010016&trackingCd=Cat100000100010016_Small&t_page=카테고리관&t_click=로션_전체__상품상세&t_number=83,https://image.oliveyoung.co.kr/cfimages/cf-goods/uploads/images/thumbnails/400/10/0000/0010/A00000010332002ko.jpg?l=ko,19000.0,15200,322,,복합성에 좋아요,보습에 좋아요,자극없이 순해요
A000000104146,크리니크 안티-블레미쉬 솔루션 올-오버 클리어링 트리트먼트 오일-프리 50ml,크리니크,https://www.oliveyoung.co.kr/store/goods/getGoodsDetail.do?goodsNo=A000000104146&dispCatNo=100000100010016&trackingCd=Cat100000100010016_Small&t_page=카테고리관&t_click=로션_전체__상품상세&t_number=84,https://image.oliveyoung.co.kr/cfimages/cf-goods/uploads/images/thumbnails/400/10/0000/0010/A00000010414602ko.jpeg?l=ko,,42000,24,,지성에 좋아요,보습에 좋아요,보통이에요
A000000104173,크리니크 드라마티컬리 디퍼런트 모이스춰라이징 로션 125ml (건복합용),크리니크,https://www.oliveyoung.co.kr/store/goods/getGoodsDetail.do?goodsNo=A000000104173&dispCatNo=100000100010016&trackingCd=Cat100000100010016_Small&t_page=카테고리관&t_click=로션_전체__상품상세&t_number=85,https://image.oliveyoung.co.kr/cfimages/cf-goods/uploads/images/thumbnails/400/10/0000/0010/A00000010417311ko.jpg?l=ko,,58000,1059,,복합성에 좋아요,보습에 좋아요,자극없이 순해요
A000000104176,크리니크 드라마티컬리 디퍼런트 모이스춰라이징 젤 125ml (지복합용),크리니크,https://www.oliveyoung.co.kr/store/goods/getGoodsDetail.do?goodsNo=A000000104176&dispCatNo=100000100010016&trackingCd=Cat100000100010016_Small&t_page=카테고리관&t_click=로션_전체__상품상세&t_number=86,https://image.oliveyoung.co.kr/cfimages/cf-goods/uploads/images/thumbnails/400/10/0000/0010/A00000010417607ko.jpg?l=ko,,58000,1091,,복합성에 좋아요,보습에 좋아요,자극없이 순해요
A000000104972,크리니크 포 맨 모이스춰라이징 로션 100ml,크리니크,https://www.oliveyoung.co.kr/store/goods/getGoodsDetail.do?goodsNo=A000000104972&dispCatNo=100000100010016&trackingCd=Cat100000100010016_Small&t_page=카테고리관&t_click=로션_전체__상품상세&t_number=87,https://image.oliveyoung.co.kr/cfimages/cf-goods/uploads/images/thumbnails/400/10/0000/0010/A00000010497202ko.jpeg?l=ko,,61000,24,,복합성에 좋아요,보습에 좋아요,자극없이 순해요
A000000115386,크리니크 드라마티컬리 디퍼런트 하이드레이팅 젤리 125ml,크리니크,https://www.oliveyoung.co.kr/store/goods/getGoodsDetail.do?goodsNo=A000000115386&dispCatNo=100000100010016&trackingCd=Cat100000100010016_Small&t_page=카테고리관&t_click=로션_전체__상품상세&t_number=88,https://image.oliveyoung.co.kr/cfimages/cf-goods/uploads/images/thumbnails/400/10/0000/0011/A00000011538602ko.jpeg?l=ko,,58000,52,,복합성에 좋아요,보습에 좋아요,자극없이 순해요
A000000115419,[유수분밸런싱/산뜻수분젤] 셀퓨전씨 트리악 모이스처 젤 오인트 100ml,셀퓨전씨,https://www.oliveyoung.co.kr/store/goods/getGoodsDetail.do?goodsNo=A000000115419&dispCatNo=100000100010016&trackingCd=Cat100000100010016_Small&t_page=카테고리관&t_click=로션_전체__상품상세&t_number=89,https://image.oliveyoung.co.kr/cfimages/cf-goods/uploads/images/thumbnails/400/10/0000/0011/A00000011541908ko.jpg?l=ko,28000.0,16300,619,,복합성에 좋아요,진정에 좋아요,자극없이 순해요
A000000116601,[피지&보습 로션]눅스 아쿠아벨라 로션 50ml,눅스,https://www.oliveyoung.co.kr/store/goods/getGoodsDetail.do?goodsNo=A000000116601&dispCatNo=100000100010016&trackingCd=Cat100000100010016_Small&t_page=카테고리관&t_click=로션_전체__상품상세&t_number=90,https://image.oliveyoung.co.kr/cfimages/cf-goods/uploads/images/thumbnails/400/10/0000/0011/A00000011660104ko.jpg?l=ko,36000.0,28800,174,,복합성에 좋아요,보습에 좋아요,자극없이 순해요
A000000122212,다슈 맨즈 아쿠아 리얼 모이스트 올인원크림 153ml,다슈,https://www.oliveyoung.co.kr/store/goods/getGoodsDetail.do?goodsNo=A000000122212&dispCatNo=100000100010016&trackingCd=Cat100000100010016_Small&t_page=카테고리관&t_click=로션_전체__상품상세&t_number=91,https://image.oliveyoung.co.kr/cfimages/cf-goods/uploads/images/thumbnails/400/10/0000/0012/A00000012221201ko.jpg?l=ko,18000.0,12600,343,,복합성에 좋아요,보습에 좋아요,자극없이 순해요
A000000125841,[피지&모공케어]눅스 맨 올인원 모이스춰라이징 젤 50ml,눅스,https://www.oliveyoung.co.kr/store/goods/getGoodsDetail.do?goodsNo=A000000125841&dispCatNo=100000100010016&trackingCd=Cat100000100010016_Small&t_page=카테고리관&t_click=로션_전체__상품상세&t_number=92,https://image.oliveyoung.co.kr/cfimages/cf-goods/uploads/images/thumbnails/400/10/0000/0012/A00000012584106ko.jpg?l=ko,39000.0,33350,13,,복합성에 좋아요,보습에 좋아요,자극없이 순해요
A000000125845,[면도후자극완화수딩밤]눅스 맨 애프터쉐이브 수딩 밤 50ml,눅스,https://www.oliveyoung.co.kr/store/goods/getGoodsDetail.do?goodsNo=A000000125845&dispCatNo=100000100010016&trackingCd=Cat100000100010016_Small&t_page=카테고리관&t_click=로션_전체__상품상세&t_number=93,https://image.oliveyoung.co.kr/cfimages/cf-goods/uploads/images/thumbnails/400/10/0000/0012/A00000012584507ko.jpg?l=ko,33000.0,28220,8,,건성에 좋아요,진정에 좋아요,보통이에요
A000000128322,[증량] 닥터자르트 컨트롤에이 티트리먼트 모이스처라이저 100ml (티트리 약산성 보습크림),닥터자르트,https://www.oliveyoung.co.kr/store/goods/getGoodsDetail.do?goodsNo=A000000128322&dispCatNo=100000100010016&trackingCd=Cat100000100010016_Small&t_page=카테고리관&t_click=로션_전체__상품상세&t_number=94,https://image.oliveyoung.co.kr/cfimages/cf-goods/uploads/images/thumbnails/400/10/0000/0012/A00000012832204ko.jpg?l=ko,50000.0,35000,305,,복합성에 좋아요,진정에 좋아요,자극없이 순해요
A000000129771,피지오겔 레드수딩 AI 진정보습 로션 200ml,피지오겔,https://www.oliveyoung.co.kr/store/goods/getGoodsDetail.do?goodsNo=A000000129771&dispCatNo=100000100010016&trackingCd=Cat100000100010016_Small&t_page=카테고리관&t_click=로션_전체__상품상세&t_number=95,https://image.oliveyoung.co.kr/cfimages/cf-goods/uploads/images/thumbnails/400/10/0000/0012/A00000012977111ko.jpg?l=ko,,37500,3882,,복합성에 좋아요,보습에 좋아요,자극없이 순해요
A000000137386,아크네스 포맨 퍼펙트 올인원 200ml,아크네스,https://www.oliveyoung.co.kr/store/goods/getGoodsDetail.do?goodsNo=A000000137386&dispCatNo=100000100010016&trackingCd=Cat100000100010016_Small&t_page=카테고리관&t_click=로션_전체__상품상세&t_number=96,https://image.oliveyoung.co.kr/cfimages/cf-goods/uploads/images/thumbnails/400/10/0000/0013/A00000013738615ko.jpg?l=ko,27000.0,16200,500,,복합성에 좋아요,진정에 좋아요,자극없이 순해요
A000000137470,바르테라 올인원 젤 모이스춰라이저,바르테라,https://www.oliveyoung.co.kr/store/goods/getGoodsDetail.do?goodsNo=A000000137470&dispCatNo=100000100010016&trackingCd=Cat100000100010016_Small&t_page=카테고리관&t_click=로션_전체__상품상세&t_number=97,https://image.oliveyoung.co.kr/cfimages/cf-goods/uploads/images/thumbnails/400/10/0000/0013/A00000013747002ko.jpg?l=ko,32000.0,22400,30,,복합성에 좋아요,보습에 좋아요,자극없이 순해요
A000000137652,라네즈옴므 액티브워터 모이스처라이저 125ml,라네즈,https://www.oliveyoung.co.kr/store/goods/getGoodsDetail.do?goodsNo=A000000137652&dispCatNo=100000100010016&trackingCd=Cat100000100010016_Small&t_page=카테고리관&t_click=로션_전체__상품상세&t_number=98,https://image.oliveyoung.co.kr/cfimages/cf-goods/uploads/images/thumbnails/400/10/0000/0013/A00000013765211ko.jpg?l=ko,27000.0,17010,395,,복합성에 좋아요,보습에 좋아요,자극없이 순해요
A000000137834,비오템 라이프 플랑크톤 피부강화 에센스 인 로션 75ml,비오템,https://www.oliveyoung.co.kr/store/goods/getGoodsDetail.do?goodsNo=A000000137834&dispCatNo=100000100010016&trackingCd=Cat100000100010016_Small&t_page=카테고리관&t_click=로션_전체__상품상세&t_number=99,https://image.oliveyoung.co.kr/cfimages/cf-goods/uploads/images/thumbnails/400/10/0000/0013/A00000013783407ko.jpg?l=ko,99000.0,84150,79,,복합성에 좋아요,보습에 좋아요,자극없이 순해요
A000000140891,미프 리페어 앤 리프팅,미프,https://www.oliveyoung.co.kr/store/goods/getGoodsDetail.do?goodsNo=A000000140891&dispCatNo=100000100010016&trackingCd=Cat100000100010016_Small&t_page=카테고리관&t_click=로션_전체__상품상세&t_number=100,https://image.oliveyoung.co.kr/cfimages/cf-goods/uploads/images/thumbnails/400/10/0000/0014/A00000014089108ko.jpg?l=ko,32000.0,25900,338,,복합성에 좋아요,진정에 좋아요,자극없이 순해요
A000000141309,디오디너리 내추럴 모이스처라이징 팩터스+에이치에이 100ml,디오디너리,https://www.oliveyoung.co.kr/store/goods/getGoodsDetail.do?goodsNo=A000000141309&dispCatNo=100000100010016&trackingCd=Cat100000100010016_Small&t_page=카테고리관&t_click=로션_전체__상품상세&t_number=101,https://image.oliveyoung.co.kr/cfimages/cf-goods/uploads/images/thumbnails/400/10/0000/0014/A00000014130902ko.jpg?l=ko,,21300,286,,복합성에 좋아요,보습에 좋아요,자극없이 순해요
A000000141317,디오디너리 내추럴 모이스처라이징 팩터스+에이치에이 30ml,디오디너리,https://www.oliveyoung.co.kr/store/goods/getGoodsDetail.do?goodsNo=A000000141317&dispCatNo=100000100010016&trackingCd=Cat100000100010016_Small&t_page=카테고리관&t_click=로션_전체__상품상세&t_number=102,https://image.oliveyoung.co.kr/cfimages/cf-goods/uploads/images/thumbnails/400/10/0000/0014/A00000014131702ko.jpg?l=ko,,10200,232,,건성에 좋아요,보습에 좋아요,자극없이 순해요
A000000141319,디오디너리 비타민C 서스펜션 23% + HA 스피어스 2% 30ml,디오디너리,https://www.oliveyoung.co.kr/store/goods/getGoodsDetail.do?goodsNo=A000000141319&dispCatNo=100000100010016&trackingCd=Cat100000100010016_Small&t_page=카테고리관&t_click=로션_전체__상품상세&t_number=103,https://image.oliveyoung.co.kr/cfimages/cf-goods/uploads/images/thumbnails/400/10/0000/0014/A00000014131904ko.jpg?l=ko,,12300,444,,,,
A000000142618,크리니크 포맨 맥시멈 하이드레이터 72-아워 오토-리플레니싱 하이드레이터,크리니크,https://www.oliveyoung.co.kr/store/goods/getGoodsDetail.do?goodsNo=A000000142618&dispCatNo=100000100010016&trackingCd=Cat100000100010016_Small&t_page=카테고리관&t_click=로션_전체__상품상세&t_number=104,https://image.oliveyoung.co.kr/cfimages/cf-goods/uploads/images/thumbnails/400/10/0000/0014/A00000014261802ko.jpg?l=ko,,49000,48,,복합성에 좋아요,보습에 좋아요,자극없이 순해요
A000000143196,라네즈옴므 블루에너지 에센스인로션 125ml,라네즈,https://www.oliveyoung.co.kr/store/goods/getGoodsDetail.do?goodsNo=A000000143196&dispCatNo=100000100010016&trackingCd=Cat100000100010016_Small&t_page=카테고리관&t_click=로션_전체__상품상세&t_number=105,https://image.oliveyoung.co.kr/cfimages/cf-goods/uploads/images/thumbnails/400/10/0000/0014/A00000014319609ko.jpg?l=ko,32000.0,20160,465,,복합성에 좋아요,보습에 좋아요,자극없이 순해요
A000000144036,폴라초이스 리지스트 데일리 5% 아하 데일리 각질제거제 50ml,폴라초이스,https://www.oliveyoung.co.kr/store/goods/getGoodsDetail.do?goodsNo=A000000144036&dispCatNo=100000100010016&trackingCd=Cat100000100010016_Small&t_page=카테고리관&t_click=로션_전체__상품상세&t_number=106,https://image.oliveyoung.co.kr/cfimages/cf-goods/uploads/images/thumbnails/400/10/0000/0014/A00000014403605ko.jpg?l=ko,55000.0,44000,64,,복합성에 좋아요,주름/미백에 좋아요,보통이에요
A000000144618,라끄베르 옴므 리차지 시카 올인원 에센스 150ml 기획 (+30ml 증정),라끄베르,https://www.oliveyoung.co.kr/store/goods/getGoodsDetail.do?goodsNo=A000000144618&dispCatNo=100000100010016&trackingCd=Cat100000100010016_Small&t_page=카테고리관&t_click=로션_전체__상품상세&t_number=107,https://image.oliveyoung.co.kr/cfimages/cf-goods/uploads/images/thumbnails/400/10/0000/0014/A00000014461803ko.jpg?l=ko,29000.0,17910,603,,복합성에 좋아요,진정에 좋아요,자극없이 순해요
A000000144803,아크웰 리얼 아쿠아 밸런싱 로션 140ml,아크웰,https://www.oliveyoung.co.kr/store/goods/getGoodsDetail.do?goodsNo=A000000144803&dispCatNo=100000100010016&trackingCd=Cat100000100010016_Small&t_page=카테고리관&t_click=로션_전체__상품상세&t_number=108,https://image.oliveyoung.co.kr/cfimages/cf-goods/uploads/images/thumbnails/400/10/0000/0014/A00000014480311ko.jpg?l=ko,25000.0,20000,116,,복합성에 좋아요,보습에 좋아요,자극없이 순해요
A000000144917,[고보습 에멀전] 하다라보 고쿠쥰밀크140ml,하다라보,https://www.oliveyoung.co.kr/store/goods/getGoodsDetail.do?goodsNo=A000000144917&dispCatNo=100000100010016&trackingCd=Cat100000100010016_Small&t_page=카테고리관&t_click=로션_전체__상품상세&t_number=109,https://image.oliveyoung.co.kr/cfimages/cf-goods/uploads/images/thumbnails/400/10/0000/0014/A00000014491709ko.jpg?l=ko,,17000,829,,건성에 좋아요,보습에 좋아요,자극없이 순해요
A000000145835,플리프 시카-알로에 카밍 올인원 로션 200ml (트러블 피부용),플리프,https://www.oliveyoung.co.kr/store/goods/getGoodsDetail.do?goodsNo=A000000145835&dispCatNo=100000100010016&trackingCd=Cat100000100010016_Small&t_page=카테고리관&t_click=로션_전체__상품상세&t_number=110,https://image.oliveyoung.co.kr/cfimages/cf-goods/uploads/images/thumbnails/400/10/0000/0014/A00000014583512ko.jpg?l=ko,24000.0,18800,113,,복합성에 좋아요,진정에 좋아요,자극없이 순해요
A000000145838,플리프 시카-알로에 밸런싱 올인원 로션 (본품200ml+50ml 추가 증정),플리프,https://www.oliveyoung.co.kr/store/goods/getGoodsDetail.do?goodsNo=A000000145838&dispCatNo=100000100010016&trackingCd=Cat100000100010016_Small&t_page=카테고리관&t_click=로션_전체__상품상세&t_number=111,https://image.oliveyoung.co.kr/cfimages/cf-goods/uploads/images/thumbnails/400/10/0000/0014/A00000014583808ko.jpg?l=ko,23000.0,18400,1071,,복합성에 좋아요,진정에 좋아요,자극없이 순해요
A000000146263,[고보습에멀젼] 하다라보 고쿠쥰 프리미엄 밀크140ml,하다라보,https://www.oliveyoung.co.kr/store/goods/getGoodsDetail.do?goodsNo=A000000146263&dispCatNo=100000100010016&trackingCd=Cat100000100010016_Small&t_page=카테고리관&t_click=로션_전체__상품상세&t_number=112,https://image.oliveyoung.co.kr/cfimages/cf-goods/uploads/images/thumbnails/400/10/0000/0014/A00000014626313ko.jpg?l=ko,20000.0,14000,260,,건성에 좋아요,보습에 좋아요,자극없이 순해요
A000000146808,싸이닉 파워 옴므 플루이드 더블 기획 (150ml+150ml),싸이닉,https://www.oliveyoung.co.kr/store/goods/getGoodsDetail.do?goodsNo=A000000146808&dispCatNo=100000100010016&trackingCd=Cat100000100010016_Small&t_page=카테고리관&t_click=로션_전체__상품상세&t_number=113,https://image.oliveyoung.co.kr/cfimages/cf-goods/uploads/images/thumbnails/400/10/0000/0014/A00000014680804ko.jpg?l=ko,,19800,104,,복합성에 좋아요,보습에 좋아요,자극없이 순해요
A000000146894,싸이닉 아쿠아 옴므 올인원 플루이드 100ml,싸이닉,https://www.oliveyoung.co.kr/store/goods/getGoodsDetail.do?goodsNo=A000000146894&dispCatNo=100000100010016&trackingCd=Cat100000100010016_Small&t_page=카테고리관&t_click=로션_전체__상품상세&t_number=114,https://image.oliveyoung.co.kr/cfimages/cf-goods/uploads/images/thumbnails/400/10/0000/0014/A00000014689403ko.jpg?l=ko,,15000,19,,,,
A000000146896,싸이닉 아쿠아 옴므 올인원 모이스처라이저 100ml,싸이닉,https://www.oliveyoung.co.kr/store/goods/getGoodsDetail.do?goodsNo=A000000146896&dispCatNo=100000100010016&trackingCd=Cat100000100010016_Small&t_page=카테고리관&t_click=로션_전체__상품상세&t_number=115,https://image.oliveyoung.co.kr/cfimages/cf-goods/uploads/images/thumbnails/400/10/0000/0014/A00000014689602ko.jpg?l=ko,,15000,17,,복합성에 좋아요,보습에 좋아요,자극없이 순해요
A000000147661,AHC 온리 포맨 로션 150ml,AHC,https://www.oliveyoung.co.kr/store/goods/getGoodsDetail.do?goodsNo=A000000147661&dispCatNo=100000100010016&trackingCd=Cat100000100010016_Small&t_page=카테고리관&t_click=로션_전체__상품상세&t_number=116,https://image.oliveyoung.co.kr/cfimages/cf-goods/uploads/images/thumbnails/400/10/0000/0014/A00000014766104ko.jpg?l=ko,25000.0,13300,219,,복합성에 좋아요,보습에 좋아요,자극없이 순해요
A000000148729,디오디너리 그랜액티브 레티노이드 2% 에멀전 30ml,디오디너리,https://www.oliveyoung.co.kr/store/goods/getGoodsDetail.do?goodsNo=A000000148729&dispCatNo=100000100010016&trackingCd=Cat100000100010016_Small&t_page=카테고리관&t_click=로션_전체__상품상세&t_number=117,https://image.oliveyoung.co.kr/cfimages/cf-goods/uploads/images/thumbnails/400/10/0000/0014/A00000014872904ko.jpg?l=ko,,18400,609,,복합성에 좋아요,주름/미백에 좋아요,보통이에요
A000000149211,[단독기획] AHC 온리포맨 올인원 에센스 더블 기획 (120ml+120ml),AHC,https://www.oliveyoung.co.kr/store/goods/getGoodsDetail.do?goodsNo=A000000149211&dispCatNo=100000100010016&trackingCd=Cat100000100010016_Small&t_page=카테고리관&t_click=로션_전체__상품상세&t_number=118,https://image.oliveyoung.co.kr/cfimages/cf-goods/uploads/images/thumbnails/400/10/0000/0014/A00000014921116ko.jpg?l=ko,38000.0,23570,725,,복합성에 좋아요,보습에 좋아요,자극없이 순해요
A000000149214,[단독기획]  AHC 온리포맨 포어 프레쉬 올인원에센스 더블 기획 (120ml+120ml),AHC,https://www.oliveyoung.co.kr/store/goods/getGoodsDetail.do?goodsNo=A000000149214&dispCatNo=100000100010016&trackingCd=Cat100000100010016_Small&t_page=카테고리관&t_click=로션_전체__상품상세&t_number=119,https://image.oliveyoung.co.kr/cfimages/cf-goods/uploads/images/thumbnails/400/10/0000/0014/A00000014921413ko.jpg?l=ko,38000.0,23470,395,,복합성에 좋아요,진정에 좋아요,자극없이 순해요
A000000150214,[기획] 아크네스 포맨 퍼펙트 올인원 기획 (본품200ml+폼클렌저150g 증정),아크네스,https://www.oliveyoung.co.kr/store/goods/getGoodsDetail.do?goodsNo=A000000150214&dispCatNo=100000100010016&trackingCd=Cat100000100010016_Small&t_page=카테고리관&t_click=로션_전체__상품상세&t_number=120,https://image.oliveyoung.co.kr/cfimages/cf-goods/uploads/images/thumbnails/400/10/0000/0015/A00000015021408ko.jpg?l=ko,27000.0,19890,435,,복합성에 좋아요,진정에 좋아요,자극없이 순해요
A000000150816,아크네스 모이스처 플루이드 150ml,아크네스,https://www.oliveyoung.co.kr/store/goods/getGoodsDetail.do?goodsNo=A000000150816&dispCatNo=100000100010016&trackingCd=Cat100000100010016_Small&t_page=카테고리관&t_click=로션_전체__상품상세&t_number=121,https://image.oliveyoung.co.kr/cfimages/cf-goods/uploads/images/thumbnails/400/10/0000/0015/A00000015081606ko.jpg?l=ko,15000.0,9000,454,,,,
A000000152004,엠도씨 시카 화이트닝 올인원 스페셜 세트 130ml+30ml,엠도씨,https://www.oliveyoung.co.kr/store/goods/getGoodsDetail.do?goodsNo=A000000152004&dispCatNo=100000100010016&trackingCd=Cat100000100010016_Small&t_page=카테고리관&t_click=로션_전체__상품상세&t_number=122,https://image.oliveyoung.co.kr/cfimages/cf-goods/uploads/images/thumbnails/400/10/0000/0015/A00000015200404ko.jpg?l=ko,,38000,12,,건성에 좋아요,보습에 좋아요,자극없이 순해요
A000000152286,마녀공장 비피다 바이옴 앰플 로션 300ml,마녀공장,https://www.oliveyoung.co.kr/store/goods/getGoodsDetail.do?goodsNo=A000000152286&dispCatNo=100000100010016&trackingCd=Cat100000100010016_Small&t_page=카테고리관&t_click=로션_전체__상품상세&t_number=123,https://image.oliveyoung.co.kr/cfimages/cf-goods/uploads/images/thumbnails/400/10/0000/0015/A00000015228605ko.jpg?l=ko,25000.0,19900,194,,복합성에 좋아요,보습에 좋아요,자극없이 순해요
A000000154199,BRTC 파워 옴므 올인원 솔루션 더블 기획(200mlX2),비알티씨,https://www.oliveyoung.co.kr/store/goods/getGoodsDetail.do?goodsNo=A000000154199&dispCatNo=100000100010016&trackingCd=Cat100000100010016_Small&t_page=카테고리관&t_click=로션_전체__상품상세&t_number=124,https://image.oliveyoung.co.kr/cfimages/cf-goods/uploads/images/thumbnails/400/10/0000/0015/A00000015419908ko.jpg?l=ko,,50400,2364,,복합성에 좋아요,보습에 좋아요,자극없이 순해요
A000000154626,달팡 인트랄 액티브 스태빌라이징 로션 100ml,달팡,https://www.oliveyoung.co.kr/store/goods/getGoodsDetail.do?goodsNo=A000000154626&dispCatNo=100000100010016&trackingCd=Cat100000100010016_Small&t_page=카테고리관&t_click=로션_전체__상품상세&t_number=125,https://image.oliveyoung.co.kr/cfimages/cf-goods/uploads/images/thumbnails/400/10/0000/0015/A00000015462605ko.jpg?l=ko,,108000,8,,,,
A000000155995,포맨트 시그니처 올인원 에센스 모이스처 플러스 150ml,포맨트,https://www.oliveyoung.co.kr/store/goods/getGoodsDetail.do?goodsNo=A000000155995&dispCatNo=100000100010016&trackingCd=Cat100000100010016_Small&t_page=카테고리관&t_click=로션_전체__상품상세&t_number=126,https://image.oliveyoung.co.kr/cfimages/cf-goods/uploads/images/thumbnails/400/10/0000/0015/A00000015599507ko.jpg?l=ko,29000.0,22040,294,,,,
A000000158113,랩시리즈 올-인-원 훼이스 트리트먼트 50ml,랩시리즈,https://www.oliveyoung.co.kr/store/goods/getGoodsDetail.do?goodsNo=A000000158113&dispCatNo=100000100010016&trackingCd=Cat100000100010016_Small&t_page=카테고리관&t_click=로션_전체__상품상세&t_number=127,https://image.oliveyoung.co.kr/cfimages/cf-goods/uploads/images/thumbnails/400/10/0000/0015/A00000015811328ko.jpg?l=ko,,49000,62,,복합성에 좋아요,보습에 좋아요,보통이에요
A000000161777,[단독특가]우르오스 지복합성 페이셜케어 기획세트(스킨로션200ml+페이스워시100g),우르오스,https://www.oliveyoung.co.kr/store/goods/getGoodsDetail.do?goodsNo=A000000161777&dispCatNo=100000100010016&trackingCd=Cat100000100010016_Small&t_page=카테고리관&t_click=로션_전체__상품상세&t_number=128,https://image.oliveyoung.co.kr/cfimages/cf-goods/uploads/images/thumbnails/400/10/0000/0016/A00000016177713ko.png?l=ko,42900.0,29900,3613,,복합성에 좋아요,보습에 좋아요,자극없이 순해요
A000000161778,[단독특가]우르오스 페이셜케어 기획세트 중건성&지복합성 4종 택1,우르오스,https://www.oliveyoung.co.kr/store/goods/getGoodsDetail.do?goodsNo=A000000161778&dispCatNo=100000100010016&trackingCd=Cat100000100010016_Small&t_page=카테고리관&t_click=로션_전체__상품상세&t_number=129,https://image.oliveyoung.co.kr/cfimages/cf-goods/uploads/images/thumbnails/400/10/0000/0016/A00000016177819ko.jpg?l=ko,42900.0,29900,14920,,복합성에 좋아요,보습에 좋아요,자극없이 순해요
A000000162054,라네즈 워터뱅크 블루히알루로닉 에멀젼(중건성) 120ml,라네즈,https://www.oliveyoung.co.kr/store/goods/getGoodsDetail.do?goodsNo=A000000162054&dispCatNo=100000100010016&trackingCd=Cat100000100010016_Small&t_page=카테고리관&t_click=로션_전체__상품상세&t_number=130,https://image.oliveyoung.co.kr/cfimages/cf-goods/uploads/images/thumbnails/400/10/0000/0016/A00000016205404ko.jpg?l=ko,36000.0,28800,54,,건성에 좋아요,보습에 좋아요,자극없이 순해요
A000000162615,[장벽강화] 마리엔메이 비타민C+비피다 로션 120ml,마리엔메이,https://www.oliveyoung.co.kr/store/goods/getGoodsDetail.do?goodsNo=A000000162615&dispCatNo=100000100010016&trackingCd=Cat100000100010016_Small&t_page=카테고리관&t_click=로션_전체__상품상세&t_number=131,https://image.oliveyoung.co.kr/cfimages/cf-goods/uploads/images/thumbnails/400/10/0000/0016/A00000016261508ko.jpg?l=ko,19500.0,15900,45,,복합성에 좋아요,보습에 좋아요,자극없이 순해요
A000000165551,라끄베르 옴므 리차지 올인원 에센스 150ml 기획 (+30ml 증정),라끄베르,https://www.oliveyoung.co.kr/store/goods/getGoodsDetail.do?goodsNo=A000000165551&dispCatNo=100000100010016&trackingCd=Cat100000100010016_Small&t_page=카테고리관&t_click=로션_전체__상품상세&t_number=132,https://image.oliveyoung.co.kr/cfimages/cf-goods/uploads/images/thumbnails/400/10/0000/0016/A00000016555103ko.jpg?l=ko,29000.0,17910,6829,,복합성에 좋아요,보습에 좋아요,자극없이 순해요
A000000166427,랩시리즈 올인원 디펜스 로션 SPF35 PA++++ 50ml,랩시리즈,https://www.oliveyoung.co.kr/store/goods/getGoodsDetail.do?goodsNo=A000000166427&dispCatNo=100000100010016&trackingCd=Cat100000100010016_Small&t_page=카테고리관&t_click=로션_전체__상품상세&t_number=133,https://image.oliveyoung.co.kr/cfimages/cf-goods/uploads/images/thumbnails/400/10/0000/0016/A00000016642711ko.jpg?l=ko,,58000,63,,복합성에 좋아요,보습에 좋아요,자극없이 순해요
A000000166822,아크네스 포맨 퍼펙트 올인원 크림 200ML,아크네스,https://www.oliveyoung.co.kr/store/goods/getGoodsDetail.do?goodsNo=A000000166822&dispCatNo=100000100010016&trackingCd=Cat100000100010016_Small&t_page=카테고리관&t_click=로션_전체__상품상세&t_number=134,https://image.oliveyoung.co.kr/cfimages/cf-goods/uploads/images/thumbnails/400/10/0000/0016/A00000016682205ko.jpg?l=ko,,28000,336,,복합성에 좋아요,보습에 좋아요,자극없이 순해요
A000000167411,헤라 옴므 올인원 스킨 하이드로 트리트먼트 150ML,헤라,https://www.oliveyoung.co.kr/store/goods/getGoodsDetail.do?goodsNo=A000000167411&dispCatNo=100000100010016&trackingCd=Cat100000100010016_Small&t_page=카테고리관&t_click=로션_전체__상품상세&t_number=135,https://image.oliveyoung.co.kr/cfimages/cf-goods/uploads/images/thumbnails/400/10/0000/0016/A00000016741105ko.jpg?l=ko,48000.0,40800,215,,복합성에 좋아요,보습에 좋아요,자극없이 순해요
A000000169182,피지오겔 DMT 포맨 플루이드 100ml,피지오겔,https://www.oliveyoung.co.kr/store/goods/getGoodsDetail.do?goodsNo=A000000169182&dispCatNo=100000100010016&trackingCd=Cat100000100010016_Small&t_page=카테고리관&t_click=로션_전체__상품상세&t_number=136,https://image.oliveyoung.co.kr/cfimages/cf-goods/uploads/images/thumbnails/400/10/0000/0016/A00000016918207ko.jpg?l=ko,35000.0,25200,278,,복합성에 좋아요,보습에 좋아요,자극없이 순해요
A000000170421,비오템옴므 티쀼르 모이스춰라이저 50ml,비오템,https://www.oliveyoung.co.kr/store/goods/getGoodsDetail.do?goodsNo=A000000170421&dispCatNo=100000100010016&trackingCd=Cat100000100010016_Small&t_page=카테고리관&t_click=로션_전체__상품상세&t_number=137,https://image.oliveyoung.co.kr/cfimages/cf-goods/uploads/images/thumbnails/400/10/0000/0017/A00000017042105ko.jpg?l=ko,110000.0,93500,12,,복합성에 좋아요,보습에 좋아요,자극없이 순해요
A000000173672,미프 비타맥스 올인원 로션 리필 세트 기획 (본품 200ml+리필 150ml*2ea),미프,https://www.oliveyoung.co.kr/store/goods/getGoodsDetail.do?goodsNo=A000000173672&dispCatNo=100000100010016&trackingCd=Cat100000100010016_Small&t_page=카테고리관&t_click=로션_전체__상품상세&t_number=138,https://image.oliveyoung.co.kr/cfimages/cf-goods/uploads/images/thumbnails/400/10/0000/0017/A00000017367225ko.jpg?l=ko,,34900,666,,복합성에 좋아요,보습에 좋아요,자극없이 순해요
A000000174384,[저속노화] 포엘리에 옴므 5 IN 1 미백 주름 기능성 올인원 남자 로션 150ml,포엘리에,https://www.oliveyoung.co.kr/store/goods/getGoodsDetail.do?goodsNo=A000000174384&dispCatNo=100000100010016&trackingCd=Cat100000100010016_Small&t_page=카테고리관&t_click=로션_전체__상품상세&t_number=139,https://image.oliveyoung.co.kr/cfimages/cf-goods/uploads/images/thumbnails/400/10/0000/0017/A00000017438411ko.jpg?l=ko,22000.0,16900,225,,복합성에 좋아요,보습에 좋아요,자극없이 순해요
A000000174520,랩시리즈 올-인-원 훼이스 트리트먼트 100ml,랩시리즈,https://www.oliveyoung.co.kr/store/goods/getGoodsDetail.do?goodsNo=A000000174520&dispCatNo=100000100010016&trackingCd=Cat100000100010016_Small&t_page=카테고리관&t_click=로션_전체__상품상세&t_number=140,https://image.oliveyoung.co.kr/cfimages/cf-goods/uploads/images/thumbnails/400/10/0000/0017/A00000017452009ko.jpg?l=ko,,78000,15,,복합성에 좋아요,보습에 좋아요,자극없이 순해요
A000000174576,크리니크 드라마티컬리 디퍼런트 모이스춰라이징 로션 30ml,크리니크,https://www.oliveyoung.co.kr/store/goods/getGoodsDetail.do?goodsNo=A000000174576&dispCatNo=100000100010016&trackingCd=Cat100000100010016_Small&t_page=카테고리관&t_click=로션_전체__상품상세&t_number=141,https://image.oliveyoung.co.kr/cfimages/cf-goods/uploads/images/thumbnails/400/10/0000/0017/A00000017457602ko.jpeg?l=ko,,13000,188,,건성에 좋아요,보습에 좋아요,자극없이 순해요
A000000174709,일소 데일리 모이스처 소프트닝 로션 150ml,일소,https://www.oliveyoung.co.kr/store/goods/getGoodsDetail.do?goodsNo=A000000174709&dispCatNo=100000100010016&trackingCd=Cat100000100010016_Small&t_page=카테고리관&t_click=로션_전체__상품상세&t_number=142,https://image.oliveyoung.co.kr/cfimages/cf-goods/uploads/images/thumbnails/400/10/0000/0017/A00000017470905ko.jpg?l=ko,23000.0,22000,42,,복합성에 좋아요,보습에 좋아요,자극없이 순해요
A000000175964,BRTC 파워 옴므 올인원 솔루션 200ml 기획(+50ml 증정),비알티씨,https://www.oliveyoung.co.kr/store/goods/getGoodsDetail.do?goodsNo=A000000175964&dispCatNo=100000100010016&trackingCd=Cat100000100010016_Small&t_page=카테고리관&t_click=로션_전체__상품상세&t_number=143,https://image.oliveyoung.co.kr/cfimages/cf-goods/uploads/images/thumbnails/400/10/0000/0017/A00000017596406ko.jpg?l=ko,,28000,2704,,복합성에 좋아요,보습에 좋아요,자극없이 순해요
A000000176059,크리니크 포 맨 안티 에이지 모이스춰라이저 100ml,크리니크,https://www.oliveyoung.co.kr/store/goods/getGoodsDetail.do?goodsNo=A000000176059&dispCatNo=100000100010016&trackingCd=Cat100000100010016_Small&t_page=카테고리관&t_click=로션_전체__상품상세&t_number=144,https://image.oliveyoung.co.kr/cfimages/cf-goods/uploads/images/thumbnails/400/10/0000/0017/A00000017605902ko.jpeg?l=ko,,76000,5,,복합성에 좋아요,보습에 좋아요,자극없이 순해요
A000000178076,헤라 옴므 파워부스팅 모이스춰라이저 110ML,헤라,https://www.oliveyoung.co.kr/store/goods/getGoodsDetail.do?goodsNo=A000000178076&dispCatNo=100000100010016&trackingCd=Cat100000100010016_Small&t_page=카테고리관&t_click=로션_전체__상품상세&t_number=145,https://image.oliveyoung.co.kr/cfimages/cf-goods/uploads/images/thumbnails/400/10/0000/0017/A00000017807602ko.jpg?l=ko,69000.0,58650,20,,복합성에 좋아요,보습에 좋아요,자극없이 순해요
A000000180934,레이지소사이어티 시카 애프터쉐이브 로션 100ml,레이지소사이어티,https://www.oliveyoung.co.kr/store/goods/getGoodsDetail.do?goodsNo=A000000180934&dispCatNo=100000100010016&trackingCd=Cat100000100010016_Small&t_page=카테고리관&t_click=로션_전체__상품상세&t_number=146,https://image.oliveyoung.co.kr/cfimages/cf-goods/uploads/images/thumbnails/400/10/0000/0018/A00000018093401ko.jpg?l=ko,,14900,20,,복합성에 좋아요,진정에 좋아요,자극없이 순해요
A000000180935,레이지소사이어티 올인원 페이스 솔루션 150ml,레이지소사이어티,https://www.oliveyoung.co.kr/store/goods/getGoodsDetail.do?goodsNo=A000000180935&dispCatNo=100000100010016&trackingCd=Cat100000100010016_Small&t_page=카테고리관&t_click=로션_전체__상품상세&t_number=147,https://image.oliveyoung.co.kr/cfimages/cf-goods/uploads/images/thumbnails/400/10/0000/0018/A00000018093503ko.jpg?l=ko,,15900,28,,복합성에 좋아요,보습에 좋아요,자극없이 순해요
A000000183326,프리메라 오가니언스 베리어 리페어 하이드레이션 크림 에멀젼 160ml,프리메라,https://www.oliveyoung.co.kr/store/goods/getGoodsDetail.do?goodsNo=A000000183326&dispCatNo=100000100010016&trackingCd=Cat100000100010016_Small&t_page=카테고리관&t_click=로션_전체__상품상세&t_number=148,https://image.oliveyoung.co.kr/cfimages/cf-goods/uploads/images/thumbnails/400/10/0000/0018/A00000018332603ko.jpg?l=ko,37000.0,29600,179,,복합성에 좋아요,보습에 좋아요,자극없이 순해요
A000000184579,[NEW] 폴메디슨 옴므 워터화이트닝 올인원 에센스 211ml,폴메디슨,https://www.oliveyoung.co.kr/store/goods/getGoodsDetail.do?goodsNo=A000000184579&dispCatNo=100000100010016&trackingCd=Cat100000100010016_Small&t_page=카테고리관&t_click=로션_전체__상품상세&t_number=149,https://image.oliveyoung.co.kr/cfimages/cf-goods/uploads/images/thumbnails/400/10/0000/0018/A00000018457901ko.jpg?l=ko,13800.0,12300,26,,복합성에 좋아요,보습에 좋아요,자극없이 순해요
A000000184664,아이오페 맨 안티에이징 에멀젼EX 120ml,아이오페,https://www.oliveyoung.co.kr/store/goods/getGoodsDetail.do?goodsNo=A000000184664&dispCatNo=100000100010016&trackingCd=Cat100000100010016_Small&t_page=카테고리관&t_click=로션_전체__상품상세&t_number=150,https://image.oliveyoung.co.kr/cfimages/cf-goods/uploads/images/thumbnails/400/10/0000/0018/A00000018466408ko.png?l=ko,36000.0,25200,198,,복합성에 좋아요,보습에 좋아요,자극없이 순해요
A000000184789,[민감진정] 라운드랩 소나무 진정 시카 로션 250ml,라운드랩,https://www.oliveyoung.co.kr/store/goods/getGoodsDetail.do?goodsNo=A000000184789&dispCatNo=100000100010016&trackingCd=Cat100000100010016_Small&t_page=카테고리관&t_click=로션_전체__상품상세&t_number=151,https://image.oliveyoung.co.kr/cfimages/cf-goods/uploads/images/thumbnails/400/10/0000/0018/A00000018478901ko.jpg?l=ko,25000.0,21200,410,,,,
A000000184805,마녀공장 얼티밋 올인원 선로션 100ml,마녀공장,https://www.oliveyoung.co.kr/store/goods/getGoodsDetail.do?goodsNo=A000000184805&dispCatNo=100000100010016&trackingCd=Cat100000100010016_Small&t_page=카테고리관&t_click=로션_전체__상품상세&t_number=152,https://image.oliveyoung.co.kr/cfimages/cf-goods/uploads/images/thumbnails/400/10/0000/0018/A00000018480503ko.jpg?l=ko,,43000,106,,복합성에 좋아요,보습에 좋아요,자극없이 순해요
A000000184935,록키스 아쿠아 부스트 옴므 올인원 200ml,록키스,https://www.oliveyoung.co.kr/store/goods/getGoodsDetail.do?goodsNo=A000000184935&dispCatNo=100000100010016&trackingCd=Cat100000100010016_Small&t_page=카테고리관&t_click=로션_전체__상품상세&t_number=153,https://image.oliveyoung.co.kr/cfimages/cf-goods/uploads/images/thumbnails/400/10/0000/0018/A00000018493501ko.jpg?l=ko,14800.0,12830,56,,복합성에 좋아요,보습에 좋아요,자극없이 순해요
A000000185061,마녀공장 얼티밋 올인원 워터젤 120ml,마녀공장,https://www.oliveyoung.co.kr/store/goods/getGoodsDetail.do?goodsNo=A000000185061&dispCatNo=100000100010016&trackingCd=Cat100000100010016_Small&t_page=카테고리관&t_click=로션_전체__상품상세&t_number=154,https://image.oliveyoung.co.kr/cfimages/cf-goods/uploads/images/thumbnails/400/10/0000/0018/A00000018506104ko.jpg?l=ko,,38000,87,,건성에 좋아요,보습에 좋아요,자극없이 순해요
A000000185062,마녀공장 얼티밋 올인원 밀크 120ml,마녀공장,https://www.oliveyoung.co.kr/store/goods/getGoodsDetail.do?goodsNo=A000000185062&dispCatNo=100000100010016&trackingCd=Cat100000100010016_Small&t_page=카테고리관&t_click=로션_전체__상품상세&t_number=155,https://image.oliveyoung.co.kr/cfimages/cf-goods/uploads/images/thumbnails/400/10/0000/0018/A00000018506204ko.jpg?l=ko,,38000,10,,건성에 좋아요,보습에 좋아요,자극없이 순해요
A000000185300,아이오페 맨 올데이 퍼펙트 올인원 120ml,아이오페,https://www.oliveyoung.co.kr/store/goods/getGoodsDetail.do?goodsNo=A000000185300&dispCatNo=100000100010016&trackingCd=Cat100000100010016_Small&t_page=카테고리관&t_click=로션_전체__상품상세&t_number=156,https://image.oliveyoung.co.kr/cfimages/cf-goods/uploads/images/thumbnails/400/10/0000/0018/A00000018530006ko.jpg?l=ko,38000.0,28500,2702,,복합성에 좋아요,보습에 좋아요,자극없이 순해요
A000000186860,퓨어덤 옴므 아쿠아 하이드로 올인원 크림 더블 기획(200ml+200ml),퓨어덤,https://www.oliveyoung.co.kr/store/goods/getGoodsDetail.do?goodsNo=A000000186860&dispCatNo=100000100010016&trackingCd=Cat100000100010016_Small&t_page=카테고리관&t_click=로션_전체__상품상세&t_number=157,https://image.oliveyoung.co.kr/cfimages/cf-goods/uploads/images/thumbnails/400/10/0000/0018/A00000018686007ko.jpg?l=ko,15900.0,13900,1267,,복합성에 좋아요,보습에 좋아요,자극없이 순해요
A000000187243,빌리프 맨올로지101 스마트 모이스춰 익스트림 100ml,빌리프,https://www.oliveyoung.co.kr/store/goods/getGoodsDetail.do?goodsNo=A000000187243&dispCatNo=100000100010016&trackingCd=Cat100000100010016_Small&t_page=카테고리관&t_click=로션_전체__상품상세&t_number=158,https://image.oliveyoung.co.kr/cfimages/cf-goods/uploads/images/thumbnails/400/10/0000/0018/A00000018724305ko.jpg?l=ko,48000.0,38400,14,,복합성에 좋아요,보습에 좋아요,자극없이 순해요
A000000187655,헤라 옴므 에센스인에멀전 110ML,헤라,https://www.oliveyoung.co.kr/store/goods/getGoodsDetail.do?goodsNo=A000000187655&dispCatNo=100000100010016&trackingCd=Cat100000100010016_Small&t_page=카테고리관&t_click=로션_전체__상품상세&t_number=159,https://image.oliveyoung.co.kr/cfimages/cf-goods/uploads/images/thumbnails/400/10/0000/0018/A00000018765506ko.jpg?l=ko,42000.0,35700,45,,복합성에 좋아요,보습에 좋아요,자극없이 순해요
A000000189589,헤라 하이드로 리플렉팅 플루이드 140ml,헤라,https://www.oliveyoung.co.kr/store/goods/getGoodsDetail.do?goodsNo=A000000189589&dispCatNo=100000100010016&trackingCd=Cat100000100010016_Small&t_page=카테고리관&t_click=로션_전체__상품상세&t_number=160,https://image.oliveyoung.co.kr/cfimages/cf-goods/uploads/images/thumbnails/400/10/0000/0018/A00000018958901ko.jpg?l=ko,58000.0,49300,28,,복합성에 좋아요,보습에 좋아요,자극없이 순해요
A000000190794,[NEW] 바버501 올인원 모이스처라이즈 200ml 2중 택 1(비타/시카),바버501,https://www.oliveyoung.co.kr/store/goods/getGoodsDetail.do?goodsNo=A000000190794&dispCatNo=100000100010016&trackingCd=Cat100000100010016_Small&t_page=카테고리관&t_click=로션_전체__상품상세&t_number=161,https://image.oliveyoung.co.kr/cfimages/cf-goods/uploads/images/thumbnails/400/10/0000/0019/A00000019079404ko.jpg?l=ko,22000.0,17900,42,,복합성에 좋아요,진정에 좋아요,자극없이 순해요
A000000191179,아이오페 맨 올데이 퍼펙트 톤업 올인원 120ml,아이오페,https://www.oliveyoung.co.kr/store/goods/getGoodsDetail.do?goodsNo=A000000191179&dispCatNo=100000100010016&trackingCd=Cat100000100010016_Small&t_page=카테고리관&t_click=로션_전체__상품상세&t_number=162,https://image.oliveyoung.co.kr/cfimages/cf-goods/uploads/images/thumbnails/400/10/0000/0019/A00000019117909ko.jpg?l=ko,38000.0,20810,34,,복합성에 좋아요,보습에 좋아요,자극없이 순해요
A000000197739,[지성피부/유분케어] 라운드랩 포 맨 1025 독도 올인원 젤 로션 200ml+200ml,라운드랩,https://www.oliveyoung.co.kr/store/goods/getGoodsDetail.do?goodsNo=A000000197739&dispCatNo=100000100010016&trackingCd=Cat100000100010016_Small&t_page=카테고리관&t_click=로션_전체__상품상세&t_number=163,https://image.oliveyoung.co.kr/cfimages/cf-goods/uploads/images/thumbnails/400/10/0000/0019/A00000019773904ko.jpg?l=ko,,43000,1717,,지성에 좋아요,보습에 좋아요,자극없이 순해요
A000000198090,[7겹보습로션] 닥터자르트 세라마이딘 스킨 베리어 모이스처라이징 밀키 로션 50ml,닥터자르트,https://www.oliveyoung.co.kr/store/goods/getGoodsDetail.do?goodsNo=A000000198090&dispCatNo=100000100010016&trackingCd=Cat100000100010016_Small&t_page=카테고리관&t_click=로션_전체__상품상세&t_number=164,https://image.oliveyoung.co.kr/cfimages/cf-goods/uploads/images/thumbnails/400/10/0000/0019/A00000019809003ko.jpg?l=ko,50000.0,37500,191,,복합성에 좋아요,보습에 좋아요,자극없이 순해요
A000000198539,[속보습/수분로션] 닥터지 더모이스처 배리어 D 로션 300ml 기획 (+멀티밤 1g),닥터지,https://www.oliveyoung.co.kr/store/goods/getGoodsDetail.do?goodsNo=A000000198539&dispCatNo=100000100010016&trackingCd=Cat100000100010016_Small&t_page=카테고리관&t_click=로션_전체__상품상세&t_number=165,https://image.oliveyoung.co.kr/cfimages/cf-goods/uploads/images/thumbnails/400/10/0000/0019/A00000019853902ko.jpg?l=ko,,37000,2906,,복합성에 좋아요,보습에 좋아요,자극없이 순해요
A000000198947,[톤업/민감성] 아이소이 포맨 블레미쉬 케어 올인원 100ml 기획 (+잡티 올인원 15ml),아이소이,https://www.oliveyoung.co.kr/store/goods/getGoodsDetail.do?goodsNo=A000000198947&dispCatNo=100000100010016&trackingCd=Cat100000100010016_Small&t_page=카테고리관&t_click=로션_전체__상품상세&t_number=166,https://image.oliveyoung.co.kr/cfimages/cf-goods/uploads/images/thumbnails/400/10/0000/0019/A00000019894702ko.jpg?l=ko,36000.0,24610,195,,복합성에 좋아요,보습에 좋아요,자극없이 순해요
A000000199081,프리메라 맨인더핑크 에이지 리페어 올인원 에센스 150ml 기획/단품,프리메라,https://www.oliveyoung.co.kr/store/goods/getGoodsDetail.do?goodsNo=A000000199081&dispCatNo=100000100010016&trackingCd=Cat100000100010016_Small&t_page=카테고리관&t_click=로션_전체__상품상세&t_number=167,https://image.oliveyoung.co.kr/cfimages/cf-goods/uploads/images/thumbnails/400/10/0000/0019/A00000019908113ko.jpg?l=ko,37000.0,27710,64,,복합성에 좋아요,진정에 좋아요,자극없이 순해요
A000000199825,랩시리즈 데일리 레스큐 페이스 로션 50ml,랩시리즈,https://www.oliveyoung.co.kr/store/goods/getGoodsDetail.do?goodsNo=A000000199825&dispCatNo=100000100010016&trackingCd=Cat100000100010016_Small&t_page=카테고리관&t_click=로션_전체__상품상세&t_number=168,https://image.oliveyoung.co.kr/cfimages/cf-goods/uploads/images/thumbnails/400/10/0000/0019/A00000019982505ko.jpg?l=ko,,81000,307,,복합성에 좋아요,보습에 좋아요,자극없이 순해요
A000000199834,플라스킨 흰두유 릴리프 단백질 로션 150ml,플라스킨,https://www.oliveyoung.co.kr/store/goods/getGoodsDetail.do?goodsNo=A000000199834&dispCatNo=100000100010016&trackingCd=Cat100000100010016_Small&t_page=카테고리관&t_click=로션_전체__상품상세&t_number=169,https://image.oliveyoung.co.kr/cfimages/cf-goods/uploads/images/thumbnails/400/10/0000/0019/A00000019983409ko.jpg?l=ko,25000.0,17500,423,,복합성에 좋아요,보습에 좋아요,자극없이 순해요
A000000200886,비욘드 엔젤아쿠아 포맨 올인원 에센스 더블기획 (200mlX2입)(비건),비욘드,https://www.oliveyoung.co.kr/store/goods/getGoodsDetail.do?goodsNo=A000000200886&dispCatNo=100000100010016&trackingCd=Cat100000100010016_Small&t_page=카테고리관&t_click=로션_전체__상품상세&t_number=170,https://image.oliveyoung.co.kr/cfimages/cf-goods/uploads/images/thumbnails/400/10/0000/0020/A00000020088607ko.jpg?l=ko,26000.0,15750,529,,복합성에 좋아요,보습에 좋아요,자극없이 순해요
A000000203440,오브제 모이스처 올인원 로션 200ml,오브제,https://www.oliveyoung.co.kr/store/goods/getGoodsDetail.do?goodsNo=A000000203440&dispCatNo=100000100010016&trackingCd=Cat100000100010016_Small&t_page=카테고리관&t_click=로션_전체__상품상세&t_number=171,https://image.oliveyoung.co.kr/cfimages/cf-goods/uploads/images/thumbnails/400/10/0000/0020/A00000020344002ko.jpg?l=ko,17900.0,16900,22,,복합성에 좋아요,보습에 좋아요,자극없이 순해요
A000000204158,[에이든팍 PICK] 다슈 보이 파란 수분초 로션 150ml 기획 (+수분크림 50ml),다슈,https://www.oliveyoung.co.kr/store/goods/getGoodsDetail.do?goodsNo=A000000204158&dispCatNo=100000100010016&trackingCd=Cat100000100010016_Small&t_page=카테고리관&t_click=로션_전체__상품상세&t_number=172,https://image.oliveyoung.co.kr/cfimages/cf-goods/uploads/images/thumbnails/400/10/0000/0020/A00000020415803ko.jpg?l=ko,23000.0,13770,43,,복합성에 좋아요,보습에 좋아요,자극없이 순해요
A000000204500,멜린앤게츠 비타민 E 페이스 모이스쳐라이저 118ml,멜린앤게츠,https://www.oliveyoung.co.kr/store/goods/getGoodsDetail.do?goodsNo=A000000204500&dispCatNo=100000100010016&trackingCd=Cat100000100010016_Small&t_page=카테고리관&t_click=로션_전체__상품상세&t_number=173,https://image.oliveyoung.co.kr/cfimages/cf-goods/uploads/images/thumbnails/400/10/0000/0020/A00000020450002ko.jpg?l=ko,,79000,7,,복합성에 좋아요,보습에 좋아요,자극없이 순해요
A000000204649,더후 공진향 탄력 에멀젼 110ml,더후,https://www.oliveyoung.co.kr/store/goods/getGoodsDetail.do?goodsNo=A000000204649&dispCatNo=100000100010016&trackingCd=Cat100000100010016_Small&t_page=카테고리관&t_click=로션_전체__상품상세&t_number=174,https://image.oliveyoung.co.kr/cfimages/cf-goods/uploads/images/thumbnails/400/10/0000/0020/A00000020464912ko.jpg?l=ko,77000.0,69300,2,,건성에 좋아요,보습에 좋아요,자극없이 순해요
A000000204881,AHC 콜라 쥬비네이션 리프트4 트리트먼트 에멀젼 100ml,AHC,https://www.oliveyoung.co.kr/store/goods/getGoodsDetail.do?goodsNo=A000000204881&dispCatNo=100000100010016&trackingCd=Cat100000100010016_Small&t_page=카테고리관&t_click=로션_전체__상품상세&t_number=175,https://image.oliveyoung.co.kr/cfimages/cf-goods/uploads/images/thumbnails/400/10/0000/0020/A00000020488103ko.jpg?l=ko,,30000,120,,복합성에 좋아요,보습에 좋아요,자극없이 순해요
A000000205392,피지오겔 시카밸런스 포맨 카밍 플루이드 100ml,피지오겔,https://www.oliveyoung.co.kr/store/goods/getGoodsDetail.do?goodsNo=A000000205392&dispCatNo=100000100010016&trackingCd=Cat100000100010016_Small&t_page=카테고리관&t_click=로션_전체__상품상세&t_number=176,https://image.oliveyoung.co.kr/cfimages/cf-goods/uploads/images/thumbnails/400/10/0000/0020/A00000020539201ko.jpg?l=ko,38000.0,26910,1484,,복합성에 좋아요,보습에 좋아요,자극없이 순해요
A000000206692,토리든 다이브인 포맨 저분자 히알루론산 젤 로션 200ml,토리든,https://www.oliveyoung.co.kr/store/goods/getGoodsDetail.do?goodsNo=A000000206692&dispCatNo=100000100010016&trackingCd=Cat100000100010016_Small&t_page=카테고리관&t_click=로션_전체__상품상세&t_number=177,https://image.oliveyoung.co.kr/cfimages/cf-goods/uploads/images/thumbnails/400/10/0000/0020/A00000020669209ko.jpg?l=ko,22000.0,17600,256,,복합성에 좋아요,보습에 좋아요,자극없이 순해요
A000000206846,[장벽개선] 메디톡스 뉴라덤 뉴로락토 모이스처라이저 80ml,뉴라덤,https://www.oliveyoung.co.kr/store/goods/getGoodsDetail.do?goodsNo=A000000206846&dispCatNo=100000100010016&trackingCd=Cat100000100010016_Small&t_page=카테고리관&t_click=로션_전체__상품상세&t_number=178,https://image.oliveyoung.co.kr/cfimages/cf-goods/uploads/images/thumbnails/400/10/0000/0020/A00000020684603ko.jpg?l=ko,33000.0,26200,6,,복합성에 좋아요,보습에 좋아요,보통이에요
A000000207456,[선케어/반톤업] 닥터지 레드 블레미쉬 포 맨 올인원 톤 로션 50ml 기획 (+젠틀폼 30ml),닥터지,https://www.oliveyoung.co.kr/store/goods/getGoodsDetail.do?goodsNo=A000000207456&dispCatNo=100000100010016&trackingCd=Cat100000100010016_Small&t_page=카테고리관&t_click=로션_전체__상품상세&t_number=179,https://image.oliveyoung.co.kr/cfimages/cf-goods/uploads/images/thumbnails/400/10/0000/0020/A00000020745621ko.jpg?l=ko,32000.0,22990,78,,,,
A000000207459,[수분진정로션/본품증정] 닥터지 레드 블레미쉬 포 맨 플루이드/폼 2종 기획 세트 (+ 톤로션 2ml*2),닥터지,https://www.oliveyoung.co.kr/store/goods/getGoodsDetail.do?goodsNo=A000000207459&dispCatNo=100000100010016&trackingCd=Cat100000100010016_Small&t_page=카테고리관&t_click=로션_전체__상품상세&t_number=180,https://image.oliveyoung.co.kr/cfimages/cf-goods/uploads/images/thumbnails/400/10/0000/0020/A00000020745906ko.jpg?l=ko,46000.0,26900,2803,,복합성에 좋아요,진정에 좋아요,자극없이 순해요
A000000208425,로레알파리 맨 이드라파워 쿨링 올인원 120ml,로레알맨,https://www.oliveyoung.co.kr/store/goods/getGoodsDetail.do?goodsNo=A000000208425&dispCatNo=100000100010016&trackingCd=Cat100000100010016_Small&t_page=카테고리관&t_click=로션_전체__상품상세&t_number=181,https://image.oliveyoung.co.kr/cfimages/cf-goods/uploads/images/thumbnails/400/10/0000/0020/A00000020842504ko.jpg?l=ko,20000.0,13900,18,,건성에 좋아요,보습에 좋아요,자극없이 순해요
A000000208426,로레알파리 맨 멀티액션8 안티에이징 올인원 50ml 단품/기획 택 1,로레알맨,https://www.oliveyoung.co.kr/store/goods/getGoodsDetail.do?goodsNo=A000000208426&dispCatNo=100000100010016&trackingCd=Cat100000100010016_Small&t_page=카테고리관&t_click=로션_전체__상품상세&t_number=182,https://image.oliveyoung.co.kr/cfimages/cf-goods/uploads/images/thumbnails/400/10/0000/0020/A00000020842609ko.jpg?l=ko,,28000,104,,복합성에 좋아요,보습에 좋아요,자극없이 순해요
A000000208721,스콧해미쉬 블루 블렌디드 로션 에센스 180ml,스콧해미쉬,https://www.oliveyoung.co.kr/store/goods/getGoodsDetail.do?goodsNo=A000000208721&dispCatNo=100000100010016&trackingCd=Cat100000100010016_Small&t_page=카테고리관&t_click=로션_전체__상품상세&t_number=183,https://image.oliveyoung.co.kr/cfimages/cf-goods/uploads/images/thumbnails/400/10/0000/0020/A00000020872102ko.jpg?l=ko,55000.0,36580,55,,복합성에 좋아요,주름/미백에 좋아요,자극없이 순해요
A000000208724,[오리지널 PDRN 부스팅]리쥬란 리커버 힐러 부스팅 젤 200ml,리쥬란,https://www.oliveyoung.co.kr/store/goods/getGoodsDetail.do?goodsNo=A000000208724&dispCatNo=100000100010016&trackingCd=Cat100000100010016_Small&t_page=카테고리관&t_click=로션_전체__상품상세&t_number=184,https://image.oliveyoung.co.kr/cfimages/cf-goods/uploads/images/thumbnails/400/10/0000/0020/A00000020872403ko.jpg?l=ko,45000.0,42000,10,,건성에 좋아요,보습에 좋아요,자극없이 순해요
A000000208897,[콜라겐/레티놀]아이디얼 포 맨 퍼펙트 탄력 로션 150mL,아이디얼포맨,https://www.oliveyoung.co.kr/store/goods/getGoodsDetail.do?goodsNo=A000000208897&dispCatNo=100000100010016&trackingCd=Cat100000100010016_Small&t_page=카테고리관&t_click=로션_전체__상품상세&t_number=185,https://image.oliveyoung.co.kr/cfimages/cf-goods/uploads/images/thumbnails/400/10/0000/0020/A00000020889705ko.jpg?l=ko,18000.0,14900,543,,복합성에 좋아요,보습에 좋아요,자극없이 순해요
A000000209130,로레알파리 맨 이드라파워 수분 올인원 50ml 단품/기획 택 1,로레알맨,https://www.oliveyoung.co.kr/store/goods/getGoodsDetail.do?goodsNo=A000000209130&dispCatNo=100000100010016&trackingCd=Cat100000100010016_Small&t_page=카테고리관&t_click=로션_전체__상품상세&t_number=186,https://image.oliveyoung.co.kr/cfimages/cf-goods/uploads/images/thumbnails/400/10/0000/0020/A00000020913008ko.jpg?l=ko,28000.0,18900,20,,복합성에 좋아요,보습에 좋아요,자극없이 순해요
A000000209713,더페이스샵 더젠틀포맨 안티에이징 로션 135ml,더페이스샵,https://www.oliveyoung.co.kr/store/goods/getGoodsDetail.do?goodsNo=A000000209713&dispCatNo=100000100010016&trackingCd=Cat100000100010016_Small&t_page=카테고리관&t_click=로션_전체__상품상세&t_number=187,https://image.oliveyoung.co.kr/cfimages/cf-goods/uploads/images/thumbnails/400/10/0000/0020/A00000020971302ko.jpg?l=ko,23000.0,14950,6,,복합성에 좋아요,보습에 좋아요,보통이에요
A000000209714,더페이스샵 더젠틀포맨 올인원 에센스 135ml,더페이스샵,https://www.oliveyoung.co.kr/store/goods/getGoodsDetail.do?goodsNo=A000000209714&dispCatNo=100000100010016&trackingCd=Cat100000100010016_Small&t_page=카테고리관&t_click=로션_전체__상품상세&t_number=188,https://image.oliveyoung.co.kr/cfimages/cf-goods/uploads/images/thumbnails/400/10/0000/0020/A00000020971402ko.jpg?l=ko,27000.0,17550,2,,복합성에 좋아요,진정에 좋아요,보통이에요
A000000209726,더페이스샵 더 블랙밤 로션 130ml,더페이스샵,https://www.oliveyoung.co.kr/store/goods/getGoodsDetail.do?goodsNo=A000000209726&dispCatNo=100000100010016&trackingCd=Cat100000100010016_Small&t_page=카테고리관&t_click=로션_전체__상품상세&t_number=189,https://image.oliveyoung.co.kr/cfimages/cf-goods/uploads/images/thumbnails/400/10/0000/0020/A00000020972601ko.jpg?l=ko,26000.0,16900,4,,복합성에 좋아요,진정에 좋아요,보통이에요
A000000209731,더페이스샵 더 블랙밤 크림 플루이드 130ml,더페이스샵,https://www.oliveyoung.co.kr/store/goods/getGoodsDetail.do?goodsNo=A000000209731&dispCatNo=100000100010016&trackingCd=Cat100000100010016_Small&t_page=카테고리관&t_click=로션_전체__상품상세&t_number=190,https://image.oliveyoung.co.kr/cfimages/cf-goods/uploads/images/thumbnails/400/10/0000/0020/A00000020973101ko.jpg?l=ko,29000.0,18850,2,,복합성에 좋아요,진정에 좋아요,보통이에요
A000000210473,더샘 에코 에너지 올인원 2종 택 1,더샘,https://www.oliveyoung.co.kr/store/goods/getGoodsDetail.do?goodsNo=A000000210473&dispCatNo=100000100010016&trackingCd=Cat100000100010016_Small&t_page=카테고리관&t_click=로션_전체__상품상세&t_number=191,https://image.oliveyoung.co.kr/cfimages/cf-goods/uploads/images/thumbnails/400/10/0000/0021/A00000021047309ko.jpg?l=ko,23000.0,15300,11,,복합성에 좋아요,진정에 좋아요,보통이에요
A000000210480,더샘 미네랄 옴므 블랙 올인원 플루이드 이엑스,더샘,https://www.oliveyoung.co.kr/store/goods/getGoodsDetail.do?goodsNo=A000000210480&dispCatNo=100000100010016&trackingCd=Cat100000100010016_Small&t_page=카테고리관&t_click=로션_전체__상품상세&t_number=192,https://image.oliveyoung.co.kr/cfimages/cf-goods/uploads/images/thumbnails/400/10/0000/0021/A00000021048005ko.jpg?l=ko,26000.0,17290,25,,복합성에 좋아요,보습에 좋아요,자극없이 순해요
A000000210666,비오템옴므 아쿠아파워 올인원 스틱 세트 (+올인원 20ml),비오템,https://www.oliveyoung.co.kr/store/goods/getGoodsDetail.do?goodsNo=A000000210666&dispCatNo=100000100010016&trackingCd=Cat100000100010016_Small&t_page=카테고리관&t_click=로션_전체__상품상세&t_number=193,https://image.oliveyoung.co.kr/cfimages/cf-goods/uploads/images/thumbnails/400/10/0000/0021/A00000021066614ko.jpg?l=ko,42000.0,29400,27,,건성에 좋아요,보습에 좋아요,자극없이 순해요
A000000210920,[원우PICK]더페이스샵 스피프코드 퍼펙트 올인원 플루이드 145ml,더페이스샵,https://www.oliveyoung.co.kr/store/goods/getGoodsDetail.do?goodsNo=A000000210920&dispCatNo=100000100010016&trackingCd=Cat100000100010016_Small&t_page=카테고리관&t_click=로션_전체__상품상세&t_number=194,https://image.oliveyoung.co.kr/cfimages/cf-goods/uploads/images/thumbnails/400/10/0000/0021/A00000021092005ko.jpg?l=ko,29000.0,17900,159,,복합성에 좋아요,보습에 좋아요,자극없이 순해요
A000000210922,더페이스샵 네오클래식 옴므 블랙 에센셜 올인원 트리트먼트 110ml,더페이스샵,https://www.oliveyoung.co.kr/store/goods/getGoodsDetail.do?goodsNo=A000000210922&dispCatNo=100000100010016&trackingCd=Cat100000100010016_Small&t_page=카테고리관&t_click=로션_전체__상품상세&t_number=195,https://image.oliveyoung.co.kr/cfimages/cf-goods/uploads/images/thumbnails/400/10/0000/0021/A00000021092201ko.jpg?l=ko,28000.0,18200,6,,건성에 좋아요,보습에 좋아요,자극없이 순해요
A000000210948,운스트라움 에센셜 올인원 150ml,운스트라움,https://www.oliveyoung.co.kr/store/goods/getGoodsDetail.do?goodsNo=A000000210948&dispCatNo=100000100010016&trackingCd=Cat100000100010016_Small&t_page=카테고리관&t_click=로션_전체__상품상세&t_number=196,https://image.oliveyoung.co.kr/cfimages/cf-goods/uploads/images/thumbnails/400/10/0000/0021/A00000021094805ko.jpg?l=ko,38000.0,25840,2,,복합성에 좋아요,진정에 좋아요,보통이에요
A000000210949,운스트라움 디 오리진 로션 150ml,운스트라움,https://www.oliveyoung.co.kr/store/goods/getGoodsDetail.do?goodsNo=A000000210949&dispCatNo=100000100010016&trackingCd=Cat100000100010016_Small&t_page=카테고리관&t_click=로션_전체__상품상세&t_number=197,https://image.oliveyoung.co.kr/cfimages/cf-goods/uploads/images/thumbnails/400/10/0000/0021/A00000021094901ko.jpg?l=ko,24000.0,20400,3,,복합성에 좋아요,진정에 좋아요,보통이에요
A000000211493,설화수 맨 본윤유액 90ml,설화수,https://www.oliveyoung.co.kr/store/goods/getGoodsDetail.do?goodsNo=A000000211493&dispCatNo=100000100010016&trackingCd=Cat100000100010016_Small&t_page=카테고리관&t_click=로션_전체__상품상세&t_number=198,https://image.oliveyoung.co.kr/cfimages/cf-goods/uploads/images/thumbnails/400/10/0000/0021/A00000021149301ko.jpg?l=ko,52000.0,46800,1,,지성에 좋아요,보습에 좋아요,보통이에요
A000000211930,[100시간 수분보습]LBB 올 데이 케어 인 로션 50ml,LBB,https://www.oliveyoung.co.kr/store/goods/getGoodsDetail.do?goodsNo=A000000211930&dispCatNo=100000100010016&trackingCd=Cat100000100010016_Small&t_page=카테고리관&t_click=로션_전체__상품상세&t_number=199,https://image.oliveyoung.co.kr/cfimages/cf-goods/uploads/images/thumbnails/400/10/0000/0021/A00000021193006ko.jpg?l=ko,68000.0,61200,18,,복합성에 좋아요,보습에 좋아요,자극없이 순해요
A000000213679,무슈제이 세라부스트 올인원 200ml 단품/기획 2종 택1,무슈제이,https://www.oliveyoung.co.kr/store/goods/getGoodsDetail.do?goodsNo=A000000213679&dispCatNo=100000100010016&trackingCd=Cat100000100010016_Small&t_page=카테고리관&t_click=로션_전체__상품상세&t_number=200,https://image.oliveyoung.co.kr/cfimages/cf-goods/uploads/images/thumbnails/400/10/0000/0021/A00000021367904ko.jpg?l=ko,24900.0,22710,25,,복합성에 좋아요,보습에 좋아요,자극없이 순해요
A000000213951,연작 카밍 앤 컴포팅 에멀전 125ml,연작,https://www.oliveyoung.co.kr/store/goods/getGoodsDetail.do?goodsNo=A000000213951&dispCatNo=100000100010016&trackingCd=Cat100000100010016_Small&t_page=카테고리관&t_click=로션_전체__상품상세&t_number=201,https://image.oliveyoung.co.kr/cfimages/cf-goods/uploads/images/thumbnails/400/10/0000/0021/A00000021395104ko.jpg?l=ko,,45000,13,,복합성에 좋아요,진정에 좋아요,자극없이 순해요
A000000214141,키엘 칼렌듈라 스킨수딩 앤 스테빌라이징 에멀젼 125ml,키엘,https://www.oliveyoung.co.kr/store/goods/getGoodsDetail.do?goodsNo=A000000214141&dispCatNo=100000100010016&trackingCd=Cat100000100010016_Small&t_page=카테고리관&t_click=로션_전체__상품상세&t_number=202,https://image.oliveyoung.co.kr/cfimages/cf-goods/uploads/images/thumbnails/400/10/0000/0021/A00000021414105ko.jpg?l=ko,,72000,8,,복합성에 좋아요,진정에 좋아요,보통이에요
A000000214459,엠도씨 안티 링클 스킨 플러스 로션 150ml 단품/기획 2종 택1,엠도씨,https://www.oliveyoung.co.kr/store/goods/getGoodsDetail.do?goodsNo=A000000214459&dispCatNo=100000100010016&trackingCd=Cat100000100010016_Small&t_page=카테고리관&t_click=로션_전체__상품상세&t_number=203,https://image.oliveyoung.co.kr/cfimages/cf-goods/uploads/images/thumbnails/400/10/0000/0021/A00000021445901ko.png?l=ko,,25000,94,,복합성에 좋아요,보습에 좋아요,자극없이 순해요
A000000215197,그라운드플랜 젤모이스처 110ml,그라운드플랜,https://www.oliveyoung.co.kr/store/goods/getGoodsDetail.do?goodsNo=A000000215197&dispCatNo=100000100010016&trackingCd=Cat100000100010016_Small&t_page=카테고리관&t_click=로션_전체__상품상세&t_number=204,https://image.oliveyoung.co.kr/cfimages/cf-goods/uploads/images/thumbnails/400/10/0000/0021/A00000021519705ko.jpg?l=ko,,41000,30,,건성에 좋아요,보습에 좋아요,자극없이 순해요
A000000216470,[보습장벽] 마몽드 프로바이오틱스 세라마이드 에멀젼 150ml,마몽드,https://www.oliveyoung.co.kr/store/goods/getGoodsDetail.do?goodsNo=A000000216470&dispCatNo=100000100010016&trackingCd=Cat100000100010016_Small&t_page=카테고리관&t_click=로션_전체__상품상세&t_number=205,https://image.oliveyoung.co.kr/cfimages/cf-goods/uploads/images/thumbnails/400/10/0000/0021/A00000021647005ko.jpg?l=ko,26000.0,18750,68,,복합성에 좋아요,보습에 좋아요,자극없이 순해요
A000000219100,[수분진정] 차앤박 옴므랩 올인원 아쿠아 코어-업 125ml,차앤박옴므,https://www.oliveyoung.co.kr/store/goods/getGoodsDetail.do?goodsNo=A000000219100&dispCatNo=100000100010016&trackingCd=Cat100000100010016_Small&t_page=카테고리관&t_click=로션_전체__상품상세&t_number=206,https://image.oliveyoung.co.kr/cfimages/cf-goods/uploads/images/thumbnails/400/10/0000/0021/A00000021910002ko.jpg?l=ko,30000.0,21000,42,,복합성에 좋아요,보습에 좋아요,자극없이 순해요
A000000219101,[피지/모공케어] 차앤박 옴므랩 올인원 오일컷 퍼펙트 125ml,차앤박옴므,https://www.oliveyoung.co.kr/store/goods/getGoodsDetail.do?goodsNo=A000000219101&dispCatNo=100000100010016&trackingCd=Cat100000100010016_Small&t_page=카테고리관&t_click=로션_전체__상품상세&t_number=207,https://image.oliveyoung.co.kr/cfimages/cf-goods/uploads/images/thumbnails/400/10/0000/0021/A00000021910112ko.jpg?l=ko,30000.0,21000,96,,복합성에 좋아요,보습에 좋아요,자극없이 순해요
A000000219102,[탄력장벽] 차앤박 옴므랩 올인원 프로폴리스 에너지 프로틴샷 125ml,차앤박옴므,https://www.oliveyoung.co.kr/store/goods/getGoodsDetail.do?goodsNo=A000000219102&dispCatNo=100000100010016&trackingCd=Cat100000100010016_Small&t_page=카테고리관&t_click=로션_전체__상품상세&t_number=208,https://image.oliveyoung.co.kr/cfimages/cf-goods/uploads/images/thumbnails/400/10/0000/0021/A00000021910202ko.jpg?l=ko,33000.0,23800,11,,복합성에 좋아요,진정에 좋아요,자극없이 순해요
A000000221831,설화수 자음유액EX 125ml,설화수,https://www.oliveyoung.co.kr/store/goods/getGoodsDetail.do?goodsNo=A000000221831&dispCatNo=100000100010016&trackingCd=Cat100000100010016_Small&t_page=카테고리관&t_click=로션_전체__상품상세&t_number=209,https://image.oliveyoung.co.kr/cfimages/cf-goods/uploads/images/thumbnails/400/10/0000/0022/A00000022183101ko.jpg?l=ko,78000.0,70200,17,,복합성에 좋아요,보습에 좋아요,자극없이 순해요
A000000222740,마몽드 맨 리차징 로션 150ml,마몽드,https://www.oliveyoung.co.kr/store/goods/getGoodsDetail.do?goodsNo=A000000222740&dispCatNo=100000100010016&trackingCd=Cat100000100010016_Small&t_page=카테고리관&t_click=로션_전체__상품상세&t_number=210,https://image.oliveyoung.co.kr/cfimages/cf-goods/uploads/images/thumbnails/400/10/0000/0022/A00000022274014ko.jpg?l=ko,20000.0,16000,3,,,,
A000000222741,마몽드 맨 리차징 올인원 플루이드 180ml,마몽드,https://www.oliveyoung.co.kr/store/goods/getGoodsDetail.do?goodsNo=A000000222741&dispCatNo=100000100010016&trackingCd=Cat100000100010016_Small&t_page=카테고리관&t_click=로션_전체__상품상세&t_number=211,https://image.oliveyoung.co.kr/cfimages/cf-goods/uploads/images/thumbnails/400/10/0000/0022/A00000022274114ko.jpg?l=ko,27000.0,19980,8,,건성에 좋아요,보습에 좋아요,자극없이 순해요
A000000223673,[문장군 공동개발] 미닉 퍼펙트 콜라드 그린 진정 올인원 200ml,미닉,https://www.oliveyoung.co.kr/store/goods/getGoodsDetail.do?goodsNo=A000000223673&dispCatNo=100000100010016&trackingCd=Cat100000100010016_Small&t_page=카테고리관&t_click=로션_전체__상품상세&t_number=212,https://image.oliveyoung.co.kr/cfimages/cf-goods/uploads/images/thumbnails/400/10/0000/0022/A00000022367301ko.jpg?l=ko,32000.0,25600,12,,지성에 좋아요,진정에 좋아요,자극없이 순해요
A000000224240,[리뉴얼] 스킨푸드 블랙슈가 퍼펙트 에멀전 2X 포 맨 180ml,스킨푸드,https://www.oliveyoung.co.kr/store/goods/getGoodsDetail.do?goodsNo=A000000224240&dispCatNo=100000100010016&trackingCd=Cat100000100010016_Small&t_page=카테고리관&t_click=로션_전체__상품상세&t_number=213,https://image.oliveyoung.co.kr/cfimages/cf-goods/uploads/images/thumbnails/400/10/0000/0022/A00000022424001ko.jpg?l=ko,22000.0,14300,69,,지성에 좋아요,진정에 좋아요,자극없이 순해요
A000000226100,이니스프리 그린티 로션 포맨 150ml,이니스프리,https://www.oliveyoung.co.kr/store/goods/getGoodsDetail.do?goodsNo=A000000226100&dispCatNo=100000100010016&trackingCd=Cat100000100010016_Small&t_page=카테고리관&t_click=로션_전체__상품상세&t_number=214,https://image.oliveyoung.co.kr/cfimages/cf-goods/uploads/images/thumbnails/400/10/0000/0022/A00000022610006ko.jpg?l=ko,22000.0,15000,4,,복합성에 좋아요,진정에 좋아요,보통이에요
A000000226597,네이처리퍼블릭 맨 인 블루 올인원 모이스처라이저 150ml,네이처리퍼블릭,https://www.oliveyoung.co.kr/store/goods/getGoodsDetail.do?goodsNo=A000000226597&dispCatNo=100000100010016&trackingCd=Cat100000100010016_Small&t_page=카테고리관&t_click=로션_전체__상품상세&t_number=215,https://image.oliveyoung.co.kr/cfimages/cf-goods/uploads/images/thumbnails/400/10/0000/0022/A00000022659702ko.jpg?l=ko,14500.0,13700,1,,복합성에 좋아요,진정에 좋아요,보통이에요
A000000226600,네이처리퍼블릭 아프리카 버드 옴므 올인원 프레시 밸런서 150ml,네이처리퍼블릭,https://www.oliveyoung.co.kr/store/goods/getGoodsDetail.do?goodsNo=A000000226600&dispCatNo=100000100010016&trackingCd=Cat100000100010016_Small&t_page=카테고리관&t_click=로션_전체__상품상세&t_number=216,https://image.oliveyoung.co.kr/cfimages/cf-goods/uploads/images/thumbnails/400/10/0000/0022/A00000022660002ko.jpg?l=ko,15000.0,14000,4,,복합성에 좋아요,진정에 좋아요,보통이에요
A000000229488,[NEW] 아이오페 XMD 스템3 클리니컬 리커버리 에멀전 130ml,아이오페,https://www.oliveyoung.co.kr/store/goods/getGoodsDetail.do?goodsNo=A000000229488&dispCatNo=100000100010016&trackingCd=Cat100000100010016_Small&t_page=카테고리관&t_click=로션_전체__상품상세&t_number=217,https://image.oliveyoung.co.kr/cfimages/cf-goods/uploads/images/thumbnails/400/10/0000/0022/A00000022948802ko.jpg?l=ko,48000.0,43200,1,,,,
A000000231297,토니모리 원더 세라마이드 모찌 에멀전 300ml,토니모리,https://www.oliveyoung.co.kr/store/goods/getGoodsDetail.do?goodsNo=A000000231297&dispCatNo=100000100010016&trackingCd=Cat100000100010016_Small&t_page=카테고리관&t_click=로션_전체__상품상세&t_number=218,https://image.oliveyoung.co.kr/cfimages/cf-goods/uploads/images/thumbnails/400/10/0000/0023/A00000023129701ko.jpg?l=ko,15000.0,12000,33,,,,
B000000184084,[대용량]닥터방기원 시카마이드 블레미쉬 카밍 올인원 300ml,닥터방기원,https://www.oliveyoung.co.kr/store/goods/getGoodsDetail.do?goodsNo=B000000184084&dispCatNo=100000100010016&trackingCd=Cat100000100010016_Small&t_page=카테고리관&t_click=로션_전체__상품상세&t_number=219,https://image.oliveyoung.co.kr/cfimages/cf-goods/uploads/images/thumbnails/400/10/0000/0018/B00000018408402ko.jpg?l=ko,,17900,85,,건성에 좋아요,보습에 좋아요,자극없이 순해요
B000000223871,블랙몬스터 커스텀 올인원 멀티비타,블랙몬스터,https://www.oliveyoung.co.kr/store/goods/getGoodsDetail.do?goodsNo=B000000223871&dispCatNo=100000100010016&trackingCd=Cat100000100010016_Small&t_page=카테고리관&t_click=로션_전체__상품상세&t_number=220,https://image.oliveyoung.co.kr/cfimages/cf-goods/uploads/images/thumbnails/400/10/0000/0022/B00000022387102ko.jpg?l=ko,,29000,1,,지성에 좋아요,보습에 좋아요,자극없이 순해요
B000000223873,블랙몬스터 화이트 올인원 더블 세럼,블랙몬스터,https://www.oliveyoung.co.kr/store/goods/getGoodsDetail.do?goodsNo=B000000223873&dispCatNo=100000100010016&trackingCd=Cat100000100010016_Small&t_page=카테고리관&t_click=로션_전체__상품상세&t_number=221,https://image.oliveyoung.co.kr/cfimages/cf-goods/uploads/images/thumbnails/400/10/0000/0022/B00000022387301ko.png?l=ko,,29000,1,,복합성에 좋아요,보습에 좋아요,자극없이 순해요
A000000107837,미프 모이스처 올인원 리필 기획세트 200ml+150ml,미프,https://www.oliveyoung.co.kr/store/goods/getGoodsDetail.do?goodsNo=A000000107837&dispCatNo=100000100010016&trackingCd=Cat100000100010016_Small&t_page=카테고리관&t_click=로션_전체__상품상세&t_number=222,https://image.oliveyoung.co.kr/cfimages/cf-goods/uploads/images/thumbnails/400/10/0000/0010/A00000010783703ko.jpg?l=ko,,34000,8,,,,
A000000130809,라끌랑 남자를 위한 올인원 로션 150ml,라끌랑,https://www.oliveyoung.co.kr/store/goods/getGoodsDetail.do?goodsNo=A000000130809&dispCatNo=100000100010016&trackingCd=Cat100000100010016_Small&t_page=카테고리관&t_click=로션_전체__상품상세&t_number=223,https://image.oliveyoung.co.kr/cfimages/cf-goods/uploads/images/thumbnails/400/10/0000/0013/A00000013080901ko.jpg?l=ko,,35000,15,,복합성에 좋아요,보습에 좋아요,보통이에요
A000000143973,디오디너리 100% 나이아신아마이드 파우더 20g,디오디너리,https://www.oliveyoung.co.kr/store/goods/getGoodsDetail.do?goodsNo=A000000143973&dispCatNo=100000100010016&trackingCd=Cat100000100010016_Small&t_page=카테고리관&t_click=로션_전체__상품상세&t_number=224,https://image.oliveyoung.co.kr/cfimages/cf-goods/uploads/images/thumbnails/400/10/0000/0014/A00000014397304ko.jpg?l=ko,,8000,1175,,복합성에 좋아요,주름/미백에 좋아요,보통이에요
A000000147577,미프 시카맥스 올인원 기획 (본품 200ml+리필 150ml),미프,https://www.oliveyoung.co.kr/store/goods/getGoodsDetail.do?goodsNo=A000000147577&dispCatNo=100000100010016&trackingCd=Cat100000100010016_Small&t_page=카테고리관&t_click=로션_전체__상품상세&t_number=225,https://image.oliveyoung.co.kr/cfimages/cf-goods/uploads/images/thumbnails/400/10/0000/0014/A00000014757709ko.jpg?l=ko,38000.0,26600,73,,복합성에 좋아요,진정에 좋아요,자극없이 순해요
A000000149427,보닌 퓨어 에센셜 에멀전,보닌,https://www.oliveyoung.co.kr/store/goods/getGoodsDetail.do?goodsNo=A000000149427&dispCatNo=100000100010016&trackingCd=Cat100000100010016_Small&t_page=카테고리관&t_click=로션_전체__상품상세&t_number=226,https://image.oliveyoung.co.kr/cfimages/cf-goods/uploads/images/thumbnails/400/10/0000/0014/A00000014942701ko.jpg?l=ko,20000.0,10710,68,,복합성에 좋아요,보습에 좋아요,자극없이 순해요
A000000161279,"비얼라우 무화과,부활초 비건 올인원 200g+30g 기획",비얼라우,https://www.oliveyoung.co.kr/store/goods/getGoodsDetail.do?goodsNo=A000000161279&dispCatNo=100000100010016&trackingCd=Cat100000100010016_Small&t_page=카테고리관&t_click=로션_전체__상품상세&t_number=227,https://image.oliveyoung.co.kr/cfimages/cf-goods/uploads/images/thumbnails/400/10/0000/0016/A00000016127906ko.jpg?l=ko,,32000,126,,복합성에 좋아요,보습에 좋아요,자극없이 순해요
A000000161282,"비얼라우 콤부차,레몬 비건 올인원 200g+30g 기획",비얼라우,https://www.oliveyoung.co.kr/store/goods/getGoodsDetail.do?goodsNo=A000000161282&dispCatNo=100000100010016&trackingCd=Cat100000100010016_Small&t_page=카테고리관&t_click=로션_전체__상품상세&t_number=228,https://image.oliveyoung.co.kr/cfimages/cf-goods/uploads/images/thumbnails/400/10/0000/0016/A00000016128209ko.jpg?l=ko,,32000,238,,복합성에 좋아요,보습에 좋아요,자극없이 순해요
A000000161654,무슈제이 밀크 톤업 올인원 200ml,무슈제이,https://www.oliveyoung.co.kr/store/goods/getGoodsDetail.do?goodsNo=A000000161654&dispCatNo=100000100010016&trackingCd=Cat100000100010016_Small&t_page=카테고리관&t_click=로션_전체__상품상세&t_number=229,https://image.oliveyoung.co.kr/cfimages/cf-goods/uploads/images/thumbnails/400/10/0000/0016/A00000016165430ko.jpg?l=ko,24900.0,20810,67,,복합성에 좋아요,주름/미백에 좋아요,자극없이 순해요
A000000164475,플리프 시카-알로에 프레쉬 로션 200ml 기획세트 (+50ml 증정),플리프,https://www.oliveyoung.co.kr/store/goods/getGoodsDetail.do?goodsNo=A000000164475&dispCatNo=100000100010016&trackingCd=Cat100000100010016_Small&t_page=카테고리관&t_click=로션_전체__상품상세&t_number=230,https://image.oliveyoung.co.kr/cfimages/cf-goods/uploads/images/thumbnails/400/10/0000/0016/A00000016447504ko.jpg?l=ko,24000.0,18810,697,,복합성에 좋아요,진정에 좋아요,자극없이 순해요
A000000164819,스케다 스킨 브라이트 올인원 135ml,스케다,https://www.oliveyoung.co.kr/store/goods/getGoodsDetail.do?goodsNo=A000000164819&dispCatNo=100000100010016&trackingCd=Cat100000100010016_Small&t_page=카테고리관&t_click=로션_전체__상품상세&t_number=231,https://image.oliveyoung.co.kr/cfimages/cf-goods/uploads/images/thumbnails/400/10/0000/0016/A00000016481902ko.jpg?l=ko,22000.0,15400,9,,복합성에 좋아요,보습에 좋아요,자극없이 순해요
A000000165603,BRTC 트레이너 옴므 올인원 밀크 200ml 기획 (+50ml 증정),비알티씨,https://www.oliveyoung.co.kr/store/goods/getGoodsDetail.do?goodsNo=A000000165603&dispCatNo=100000100010016&trackingCd=Cat100000100010016_Small&t_page=카테고리관&t_click=로션_전체__상품상세&t_number=232,https://image.oliveyoung.co.kr/cfimages/cf-goods/uploads/images/thumbnails/400/10/0000/0016/A00000016560306ko.jpg?l=ko,30000.0,27000,2494,,복합성에 좋아요,보습에 좋아요,자극없이 순해요
A000000166474,크리니크 포맨 오일-프리 모이스춰라이저 100ml,크리니크,https://www.oliveyoung.co.kr/store/goods/getGoodsDetail.do?goodsNo=A000000166474&dispCatNo=100000100010016&trackingCd=Cat100000100010016_Small&t_page=카테고리관&t_click=로션_전체__상품상세&t_number=233,https://image.oliveyoung.co.kr/cfimages/cf-goods/uploads/images/thumbnails/400/10/0000/0016/A00000016647402ko.jpeg?l=ko,,61000,4,,복합성에 좋아요,보습에 좋아요,보통이에요
A000000171034,이지에프올로지 인헨싱 밸런싱 로션 50ml,EGF올로지,https://www.oliveyoung.co.kr/store/goods/getGoodsDetail.do?goodsNo=A000000171034&dispCatNo=100000100010016&trackingCd=Cat100000100010016_Small&t_page=카테고리관&t_click=로션_전체__상품상세&t_number=234,https://image.oliveyoung.co.kr/cfimages/cf-goods/uploads/images/thumbnails/400/10/0000/0017/A00000017103401ko.jpg?l=ko,,63000,25,,복합성에 좋아요,보습에 좋아요,자극없이 순해요
A000000203994,라끄베르 옴므 리차지 시카 올인원 에센스 150ml 1+1 기획,라끄베르,https://www.oliveyoung.co.kr/store/goods/getGoodsDetail.do?goodsNo=A000000203994&dispCatNo=100000100010016&trackingCd=Cat100000100010016_Small&t_page=카테고리관&t_click=로션_전체__상품상세&t_number=235,https://image.oliveyoung.co.kr/cfimages/cf-goods/uploads/images/thumbnails/400/10/0000/0020/A00000020399402ko.jpg?l=ko,29000.0,17910,1139,,복합성에 좋아요,진정에 좋아요,자극없이 순해요
A000000207879,[초저분자 히알루론산]아이디얼 포 맨 프레시 올인원 기획(150mL+50mL),아이디얼포맨,https://www.oliveyoung.co.kr/store/goods/getGoodsDetail.do?goodsNo=A000000207879&dispCatNo=100000100010016&trackingCd=Cat100000100010016_Small&t_page=카테고리관&t_click=로션_전체__상품상세&t_number=236,https://image.oliveyoung.co.kr/cfimages/cf-goods/uploads/images/thumbnails/400/10/0000/0020/A00000020787908ko.jpg?l=ko,,30000,917,,복합성에 좋아요,보습에 좋아요,자극없이 순해요
A000000209705,더페이스샵 더프레시 포맨 수분 플루이드 200ml,더페이스샵,https://www.oliveyoung.co.kr/store/goods/getGoodsDetail.do?goodsNo=A000000209705&dispCatNo=100000100010016&trackingCd=Cat100000100010016_Small&t_page=카테고리관&t_click=로션_전체__상품상세&t_number=237,https://image.oliveyoung.co.kr/cfimages/cf-goods/uploads/images/thumbnails/400/10/0000/0020/A00000020970501ko.jpg?l=ko,21000.0,13650,4,,건성에 좋아요,보습에 좋아요,보통이에요
A000000214176,키엘 울트라 훼이셜 모이스춰라이저 125ml,키엘,https://www.oliveyoung.co.kr/store/goods/getGoodsDetail.do?goodsNo=A000000214176&dispCatNo=100000100010016&trackingCd=Cat100000100010016_Small&t_page=카테고리관&t_click=로션_전체__상품상세&t_number=238,https://image.oliveyoung.co.kr/cfimages/cf-goods/uploads/images/thumbnails/400/10/0000/0021/A00000021417604ko.jpg?l=ko,53000.0,47700,8,,,,
A000000216366,피지오겔 DMT 페이셜 로션 200ml + 토너 50ml 추가증정 한정기획,피지오겔,https://www.oliveyoung.co.kr/store/goods/getGoodsDetail.do?goodsNo=A000000216366&dispCatNo=100000100010016&trackingCd=Cat100000100010016_Small&t_page=카테고리관&t_click=로션_전체__상품상세&t_number=239,https://image.oliveyoung.co.kr/cfimages/cf-goods/uploads/images/thumbnails/400/10/0000/0021/A00000021636606ko.jpg?l=ko,,38000,3713,,복합성에 좋아요,보습에 좋아요,자극없이 순해요
A000000217395,아이디얼포맨 시카 올인원(토트넘 콜라보 더블 기획/증정기획),아이디얼포맨,https://www.oliveyoung.co.kr/store/goods/getGoodsDetail.do?goodsNo=A000000217395&dispCatNo=100000100010016&trackingCd=Cat100000100010016_Small&t_page=카테고리관&t_click=로션_전체__상품상세&t_number=240,https://image.oliveyoung.co.kr/cfimages/cf-goods/uploads/images/thumbnails/400/10/0000/0021/A00000021739502ko.jpg?l=ko,37800.0,15300,886,,복합성에 좋아요,진정에 좋아요,자극없이 순해요
